"Pi1a","Pi1b","Pi2a","Pi2b","Pi3","Pi4","Pi5","Pi6","Pi7","Pi8","Pi9","Pi10","Pi11","Pi12","impacted","collapse"
3.5757793999797,2.94513906732167,3.25871751354651,2.68399562304252,1.23577480086584,1.12619950391901,1.85265086600998,1.68837759499037,0.295316479182172,0.00553818918725956,0.116354310800914,0.304776286352551,0.269130971210165,0.277751983821027,1,0
1.53467913143907,1.53467913143907,2.21767753866289,2.21767753866289,0.382235514475981,0.552346804988333,0.566163507645241,0.818130688294499,0.0747892653435105,0.00398172779899252,0.081862357996092,0.153580320123624,0.108073714229682,0.221930186800314,0,0
2.06615758760148,1.58842531429953,2.97478219934447,2.28695980322183,0.486126379700058,0.699907940053231,0.71545688713119,1.03009006912535,0.0724412349019314,0.00322493741300368,0.0602140217341983,0.162131003816632,0.104298383326588,0.233430609073461,0,0
3.16002875824432,3.01432658427342,3.33834124402893,3.18441746234095,1.53890218617505,1.62573857128082,2.10813054185612,2.22708705334232,0.457713554621363,0.00486255945316099,0.168592300344179,0.480973667976735,0.483541180869673,0.50811380399927,1,1
1.70191708762311,1.37977781001264,2.26296838745184,1.83463318423277,0.903526436260669,1.20138153459665,1.13444183461753,1.5084201385672,0.0597806049496644,0.0118667901899817,0.059858595174121,0.185582087004964,0.0794877847855512,0.246760784778356,0,0
1.53760121743418,1.64375122272045,1.62643276128098,1.73871535071325,1.06172700734448,1.12306596060287,0.963922538598302,1.01961105281221,0.0525251421097411,0.00433113799260227,0.052030975856514,0.206935139595633,0.0555596671943184,0.218890364213045,0,0
2.24229051239572,2.24229051239572,2.68409758771431,2.68409758771431,0.578163031513904,0.692080704803071,0.927555026755875,1.11031474112056,0.131614438752654,0.00711617748124192,0.0588716703383574,0.24866906989563,0.157546934980755,0.297665287774376,0,0
2.58933578219419,2.00092615914898,3.79638793834567,2.93368360656432,0.946536590000971,1.38777678746535,1.26417502541618,1.85348646222349,0.265112600890002,0.012819005925105,0.0764714947225691,0.335087441035627,0.38869824734333,0.491292758624291,1,1
1.82954788785246,1.91717119172317,2.38490460751553,2.49912584354575,0.713282765117425,0.929798757542631,0.828382062675759,1.0798362869734,0.109021849532768,0.0068484745427169,0.0576839962266159,0.242621621984279,0.142115280500125,0.316269078276162,0,0
2.42853801740011,2.50596212806816,2.84077597520157,2.93134262555304,1.68169585357665,1.96715931321966,1.65928919944553,1.94094918832795,0.171982041971137,0.0181979058195939,0.112227806276988,0.311526130407484,0.201175542444565,0.364406873834534,1,1
2.74157542088701,2.24218351846505,3.11182657875822,2.54499154539244,1.12104069795704,1.27243781556945,1.6085884725543,1.8258291656113,0.363172677659568,0.0141113174655459,0.090405687858352,0.319996445138023,0.412219332873284,0.363212128144362,1,1
2.86030796983558,3.39316624758648,2.41012745380186,2.85911979229708,1.34240156579736,1.13112255808621,1.99825853436995,1.68375496774066,0.419690532080007,0.00989409490304746,0.134444055350775,0.308985529541184,0.3536359315619,0.260354659508053,1,1
3.55647408136751,2.54837626549815,3.52916247250391,2.52880624918193,0.887360221583904,0.880545822058266,1.44608212760826,1.43497707565222,0.129798440468999,0.00756554370663368,0.0999231736335062,0.27852558260781,0.128801665529525,0.276386671541216,1,0
1.93104130434743,1.62596160375267,2.61042223951107,2.19800908529059,1.00958881337777,1.36478338669899,1.0714260459176,1.44837625790707,0.0905019749405828,0.00370007765763077,0.0485209679461506,0.177607068970244,0.122342472723238,0.240092970404368,0,0
1.31168211467404,1.26550205988458,2.25311512382831,2.1737902792632,0.546326547824257,0.938441253167225,0.775357334805567,1.33185420299473,0.0474476693909457,0.00678751164932657,0.0494030615232211,0.125889388559534,0.0815022636194986,0.216243922303897,0,0
1.65129306291998,1.33873591293853,2.8157411628237,2.28277699510571,0.86427516396801,1.47373910169987,1.10699235545903,1.88761402333112,0.0567069175891015,0.0112010712504393,0.0572598144470974,0.177765952297516,0.0966951328373755,0.303121790112508,0,0
4.51765918960355,4.1886303857048,3.36810683806939,3.12280188746942,1.54041013417651,1.14844119235267,2.19515733341011,1.63658304334055,0.658109414741233,0.0150312181119586,0.170516755624233,0.405538502693403,0.490648525477263,0.302346181218229,1,1
2.68490444589529,1.95343201683307,4.29925274040537,3.12796902862021,0.532294549286393,0.852346459934914,0.677442542469801,1.08476735983402,0.168743273746185,0.00891604706305614,0.063835523077101,0.209741962067791,0.27020327788103,0.335853183369906,0,0
1.48128319961689,1.21056333279282,2.1574796592568,1.76317787673426,0.776073276186073,1.13034584331834,0.615184287210215,0.896012043270124,0.0881499826682817,0.00911944851445211,0.0819160827967219,0.248178212198411,0.128389895071952,0.361470004403799,0,0
2.03446003531433,2.03446003531433,2.68345047879886,2.68345047879886,1.79414638511748,2.36647704678795,1.96370926480427,2.59013029275192,0.177642653399928,0.00209776854058827,0.0535463510647084,0.278790870720413,0.234310458326347,0.367724842235034,1,1
1.37821718663674,1.49159342720255,1.84720857631198,1.99916544200326,0.700953263644263,0.939479562983302,1.06251350931514,1.42407458409643,0.118660358735802,0.00244945153356122,0.0527869459054443,0.159844536922725,0.15903910824093,0.214237786571805,0,0
1.32679284505681,1.58071771606721,1.70989716415513,2.03714148000049,0.507855812237742,0.654496454650262,1.0468085295422,1.34906887894844,0.0692298544281492,0.00464635739612569,0.0427926501944631,0.175100377828849,0.089219603649955,0.225659672953106,0,0
3.6805886532204,3.03067707080601,3.82217958545387,3.14726613635632,1.17716750691163,1.22245272088215,1.69729168535598,1.76258589088786,0.521385225608392,0.00597865462442927,0.0957780336003666,0.294104623087171,0.541442729204197,0.305418722999056,1,1
3.54189127632188,3.08323244190409,4.12954557171092,3.59478817493307,1.37777007557617,1.6063633439194,1.92367092035484,2.24283754379661,0.447344197891237,0.00358986150886163,0.140118600860352,0.423872810640104,0.521565487846006,0.494199836073238,1,1
3.94677186004625,4.45506975402209,3.26947298860576,3.6905427371115,1.89689258862758,1.57137004638815,2.65993397218481,2.20346718328714,0.314372797408014,0.00701690909128212,0.125306749971304,0.378691266027168,0.260423811136093,0.313704695685713,1,1
2.39176576640812,1.60842167480047,3.90015121672482,2.62278515734438,0.507610334746776,0.827738691008138,0.69582952671529,1.13465976199135,0.082037187628605,0.0136417524148623,0.0769064780529368,0.17417880382881,0.133774570085468,0.284026004227327,0,0
2.66587646588873,2.09688758756654,4.39802328233983,3.45933524998977,1.00683397919411,1.66102193353898,1.4017685547984,2.31256429896123,0.0966199864341502,0.0186776987209678,0.0884027669852688,0.226919714241019,0.159398590037475,0.374360252331196,0,0
2.84652784467168,2.18836012967617,3.21605032231538,2.47244245776873,0.630802298762211,0.712690002330008,1.01511886878144,1.14689669073289,0.130756359730902,0.00418759792463243,0.079088371103516,0.212022298106831,0.147730517951724,0.2395460074072,0,0
2.66486200789405,1.81785817680013,4.35225372031417,2.96892671723528,0.543958425680544,0.888393123115329,0.921967310823581,1.50575738880792,0.10567846289566,0.00516608395137043,0.112383856043469,0.212681550639951,0.172594108787717,0.347351595419538,0,0
2.49346033745184,2.57183834250538,3.51525178196451,3.62574819443716,0.947797028323085,1.33619337861946,1.24699756639959,1.75800286515535,0.156004059532802,0.00681571603957682,0.100721919668967,0.253584525765045,0.219932733651101,0.357500555627514,0,0
1.90374385083525,1.40784433455608,2.58938959768525,1.91488864085376,0.712219600736169,0.968730128585652,0.959571013152473,1.30516676316888,0.0951708768530944,0.00921560420421731,0.0683450528382264,0.259814359043229,0.129447287994057,0.35338819260828,0,0
2.32113200407477,2.22739746824171,2.91168890078551,2.79410583910429,1.75335142919879,2.19945004705131,1.58241270759628,1.98502002862463,0.16286411778254,0.00658783979115191,0.0785075804071589,0.305219153510465,0.204301023488181,0.38287491621478,1,1
1.96383434433563,2.10202492595121,2.03547097964077,2.17870246927711,1.12937997946226,1.17057743684609,1.39663277172583,1.44757906096449,0.0939579203254541,0.00295994678802095,0.081764508435947,0.263111946597667,0.0973853118932808,0.272709728924475,0,0
2.03471902804068,2.41225235240551,2.87252345773906,3.40550777418322,1.11366719058147,1.57222451108649,1.39078805705822,1.9634511023815,0.24897571994452,0.0146339052080739,0.160855503036453,0.308888161915028,0.351492557985657,0.436074209112415,1,0
4.69268097199096,3.4836375240697,3.39091592439273,2.51726508272908,1.40880384884202,1.01799705411412,1.84232248897949,1.33125620578825,0.22244403713223,0.0311551641443875,0.135198028734545,0.307756728222467,0.160737333797031,0.222384005389953,1,0
1.70597828887138,1.8049086043476,1.75257014976868,1.85420234458724,0.518196226305523,0.532348649376221,0.663063213242759,0.681172089070224,0.101963551533443,0.00457888415134093,0.0962560090102194,0.179644109283294,0.104748271386346,0.184550357742226,0,0
2.19261466890451,2.46950138763434,2.95288961588387,3.32578501246624,1.79095273342114,2.41195400361906,1.47185426107524,1.98221020102679,0.202024653900808,0.00328887054041094,0.0879284801285627,0.35572823146342,0.272075395242286,0.479074693635014,1,1
4.19963837717664,3.54438605149652,3.26210142660358,2.75312914032224,0.991302645974331,0.770001958550242,1.57637539582337,1.22446171925767,0.370602440672555,0.0138867308926536,0.104195075846765,0.403981623933123,0.287868297658873,0.313795835116601,1,0
1.49218918556346,1.75262612570099,2.27630154691195,2.67359232977218,0.485355789389174,0.74039950488722,0.839952370529752,1.28132873422967,0.0631343425756619,0.00531663813335628,0.067284444116049,0.170614710336101,0.0963100410180104,0.260268961081734,0,0
2.28069956860549,2.42650497895436,3.08812751171868,3.28555189205085,1.01243120534289,1.37085861810969,1.10182234341185,1.49189658232669,0.0967391053379986,0.00851902256359318,0.087110309594094,0.260816855859527,0.130987306160622,0.353152918160214,0,0
1.8046101471472,2.02005087657226,3.15915402984133,3.53630498936079,0.932485508652508,1.63241094320851,0.983471626545158,1.72166734025425,0.15499523774607,0.0231558110184264,0.153109563172653,0.363732361724334,0.271334964344392,0.636750579144009,1,0
2.40878536291931,2.85752767790524,3.29390225758346,3.90753655940187,1.2195182316157,1.66763461706476,1.69601470313653,2.31922144062916,0.316859799542944,0.00875031514023914,0.119695076050949,0.275186055296229,0.433291079030402,0.376304166717945,1,1
3.37415046710964,2.77808493019057,4.43892399613488,3.65475931797647,1.57167791975131,2.06764899792856,1.42045022310922,1.868698696794,0.163158912690648,0.00790349142493913,0.0995067359354632,0.323972211373735,0.214646625805694,0.426207437150734,1,1
2.88756558398585,2.19837255018878,4.16014918518892,3.16722079807638,0.66762816328232,0.961859628363588,0.696965045815213,1.00412561485479,0.138464611193016,0.0120161495288095,0.107970095235492,0.232145303550688,0.19948756926137,0.334454427898654,0,0
1.57594609299666,1.73122439551033,2.4983776722587,2.74454335375655,0.849228687170456,1.34629858222741,0.851288195310694,1.34956356011991,0.0892531208112951,0.00282313902291019,0.0863605393082592,0.158356996219437,0.141494690208811,0.251046393882862,0,0
1.52132734203681,1.25257501228738,2.23197315038446,1.83768063520433,0.729745584633236,1.07062596359593,0.557887996725642,0.818489877363472,0.0353383938627978,0.00342727938524156,0.0451838501531021,0.149737865452013,0.0518457429246462,0.219683749874186,0,0
2.65114043428762,2.03814975336613,3.41748121464008,2.62729895582603,0.696609363786113,0.897971825216084,1.00789530109323,1.29923832523631,0.131141659604859,0.00419173060702906,0.081298325976937,0.214738511540849,0.169049572915875,0.276810997923547,0,0
2.26606251891644,2.0214229578944,2.45323358849901,2.18838741450118,1.32491633434139,1.43435109412228,1.1789875033238,1.27636890837308,0.0876649531800306,0.00325967761024223,0.092080722505527,0.240384567336245,0.0949058580159035,0.260239728526141,0,0
2.93276761662111,2.00530089461218,3.96741873428424,2.71275101786871,0.516414743103738,0.69860070564024,0.887598242508386,1.20073403562151,0.0671950136299602,0.00537630668537306,0.0658839107473739,0.171960797108706,0.0909007431803044,0.232626848491171,0,0
2.12789480452536,2.22511292661426,2.3023542684889,2.40754300145157,1.06717157334464,1.15466564506609,1.10688812870614,1.19763843703483,0.0806422333908658,0.0061108982353142,0.088673565963007,0.227216068410206,0.0872538388049463,0.245844805796306,0,0
2.07774892559799,1.44568762776735,3.83346704656536,2.66730778314728,0.596365367572315,1.10029992369908,0.629740224001005,1.16187685954873,0.0536769361090616,0.00864717242684043,0.0754527225726657,0.23630590431192,0.0990344710083105,0.435986699801979,0,0
1.83009953763331,1.43163518735048,2.50024845249585,1.95587375883422,0.677971115167888,0.926231714001468,1.06927009658448,1.46081721202047,0.0564448149432931,0.0144901692587546,0.0726843963769513,0.147235705642926,0.0771138718475868,0.20115072301582,0,0
2.75964542251883,3.0993356829864,2.87595221667125,3.2299589124596,1.04678418602677,1.09090148887037,1.47483581326245,1.5369935904689,0.194360657154292,0.00757808878511555,0.131591219579899,0.28814068980018,0.202552095358096,0.300284539739038,0,0
1.56055185317512,1.63191582956203,2.25163961666048,2.35460700996322,0.614248368732974,0.886267225721618,1.24486273462362,1.7961481029162,0.0590997823176037,0.00469845059108288,0.060554527746251,0.186361476586963,0.08527202151699,0.268891343052004,0,0
1.9766865464297,1.75866084116859,2.37188768081863,2.11027185440211,0.702365209089251,0.842789864626443,1.06695704889321,1.28027495548213,0.0810582071762698,0.00906937277569537,0.0545789663028066,0.231130287972024,0.0972642644722309,0.277340422888543,0,0
3.24304088126829,2.48132007299624,3.06256984750672,2.34323781777292,0.944977741407117,0.892390951379755,1.49829475187584,1.41491658531853,0.205246741216085,0.0165877777349924,0.107734373626764,0.228150694675853,0.193825025326715,0.21545440337734,1,1
2.28315602568123,1.7643237499823,2.80339133137189,2.16633898463341,0.902340373771889,1.10794582294227,1.18691099683914,1.4573581315609,0.239838586346421,0.0124725806774221,0.076103090804155,0.332831911681045,0.29448772065038,0.408670316664924,1,0
1.53900094082833,1.70917331428309,1.62906511079191,1.80919617443285,0.668281890133143,0.707390543116904,0.644243377275996,0.681945267826934,0.0746794705472603,0.00519458158806263,0.0690167312447955,0.170370997604498,0.0790498022018588,0.180341311512727,0,0
1.85288517191415,1.94596803110344,2.81477043950034,2.95617525208217,0.756317917391427,1.14894400851543,1.00003918291091,1.51918789845554,0.204319081903488,0.00574737530217362,0.0581925782961715,0.194237887448306,0.310386914788497,0.295072286241932,0,0
4.69963865926422,4.10962254744035,4.22838817105931,3.69753519940531,1.47819279746021,1.32996883217919,1.88486811164622,1.69586527925523,0.338737317440308,0.0130663974232852,0.162984273392445,0.40368994340868,0.304770849422114,0.363210430682794,1,0
4.23792579672222,2.87753608887077,3.48499013193066,2.36629553111694,0.889515948822466,0.73147913685484,0.984506602131549,0.809593173127925,0.249388195714812,0.0145214661808166,0.0918039496466529,0.322933540215748,0.2050803725158,0.265559203936926,0,0
1.35563721250452,1.00879877860878,2.27399997188661,1.69219933846274,0.600816596207783,1.00783374068153,0.649869566569054,1.09011715116449,0.0198175704077362,0.00395561302858207,0.0469970688965331,0.117287047552703,0.0332427836403191,0.196741975196126,0,0
3.3047218606646,3.6151366186605,2.56109401912606,2.8016593113567,1.1329084940679,0.877981654949599,1.69586767879084,1.31426387832438,0.240434336507468,0.0089334791641341,0.146784673522503,0.31243853330637,0.186331850964905,0.242133678031997,0,0
2.27304639181042,1.87239140782962,2.29984192088437,1.89446386468183,0.941393310606701,0.95249081038289,1.33419964634712,1.34992769551627,0.201784389176227,0.00269521635133809,0.101997470505,0.318956747335497,0.204163099741186,0.322716729897821,1,0
1.57775972356229,1.25150265065974,2.23745631441542,1.77478387007115,0.368167269410678,0.522106230373347,0.502147021745794,0.712105910545931,0.0706975693667457,0.00475286618375248,0.0377190124395342,0.134872986686138,0.100257802649632,0.19126639576248,0,0
1.84376189158961,1.69522042039278,2.59467891248279,2.38564030250735,0.828576452584075,1.16603443140163,0.879867097393641,1.23821444287822,0.0937841094310135,0.00628222052191694,0.0617332728620404,0.176447725321346,0.131979976469105,0.248310367046438,0,0
3.04066432716618,2.82818348529609,2.86021211052712,2.66034122318776,0.792819881724583,0.745768944936025,1.00445525015762,0.944844534569488,0.20064437466357,0.0051692088542904,0.11752497194521,0.252320408577231,0.188736870819519,0.237346122654171,0,0
1.90868142938977,1.90868142938977,2.43327634837286,2.43327634837286,1.19141532080692,1.51887196918733,1.35960006184761,1.73328174246332,0.19356931875094,0.00448917384770588,0.0966841176796076,0.279696932703664,0.246771220086684,0.356570730233307,1,0
1.96035326814317,2.07619292612269,1.83459760673798,1.94300620979342,1.03097115291604,0.96483487975981,0.983113342920011,0.920047123843957,0.181987663533717,0.0148836849701011,0.0491133643644021,0.284623977930996,0.170313247821418,0.266365495045209,0,0
4.09755128704213,3.56623895286972,3.2181256396132,2.80084475025617,1.54251942879079,1.21146044933985,2.14993248934953,1.68850915650346,0.391056836464404,0.0212194426879661,0.145770121969234,0.347758044411598,0.307127341139534,0.273121432949914,1,1
1.09601321890036,1.3119025648688,1.69443384157512,2.0281982593177,0.605884094578539,0.936695375769292,0.811255836540538,1.25419960261866,0.0756271114174044,0.00179068711893867,0.0523792079451978,0.177922023559659,0.116919335201807,0.275067027187399,0,0
3.08072856281733,2.97508013172712,2.92510820215271,2.82479651093252,1.8592310803177,1.76531361716628,2.12035648882045,2.01324849965504,0.438920534216632,0.00685747249920446,0.141948052014787,0.397286466693872,0.416748839942003,0.377217881625951,1,1
2.25947380071102,2.43219543189862,3.17449612263722,3.41716507871367,1.18280069260148,1.66180117305827,1.41833474126545,1.99271978074362,0.32649655715447,0.00349823001034892,0.106768005464579,0.295077521955301,0.45871833274416,0.414575486128554,1,1
3.80421611877403,3.37356693256787,3.54681002115687,3.14530001185401,1.68637411032672,1.57226834837498,1.89039384889329,1.76248342308922,0.336894331761482,0.0435920581799565,0.238031538866251,0.565093732625082,0.314098924628827,0.526857584109468,1,1
4.29729868801353,3.05656398346145,3.10045330802749,2.20527698950837,0.782562559005799,0.564610200723462,1.3355227023132,0.963564806859371,0.336940304643419,0.0144654616285564,0.130978823427319,0.379833690544908,0.243098690126747,0.274045791984414,1,0
2.71472665366095,2.37248288248386,2.27972621670233,1.99232265929323,0.78472802392612,0.65898533346364,1.04446365965283,0.877101635294438,0.281662625928648,0.00849272149205201,0.073477112381899,0.267896424814952,0.236529770586235,0.224969428206656,0,0
2.91930094321168,3.00186616833997,3.32888354515808,3.42303280372321,1.5387686525775,1.75466036116678,1.56214146120926,1.78131241231598,0.186426706342602,0.0035857494697103,0.117825533335326,0.31159895831223,0.212582672082844,0.355316791653833,1,0
5.49277942552096,3.74694598161714,4.67699157533041,3.19044939394766,0.949028831870471,0.808079026581861,1.7336524397694,1.4761703005366,0.410601509058541,0.0104407675143258,0.221546797448489,0.412141017065392,0.349618954251492,0.35092981445912,0,0
1.4512489289007,1.4512489289007,2.1867785862505,2.1867785862505,0.688245763602142,1.03706612142883,0.646130826189878,0.973606268704474,0.0350159363040474,0.00428635712298969,0.0674988238541012,0.150170564270352,0.0527628983300644,0.226280803859275,0,0
3.38234389895712,3.51913775834998,3.44425303848308,3.58355072078113,1.442290431631,1.46868956851248,1.52732090807537,1.55527641053864,0.218215714463191,0.0111015681939083,0.17691319288974,0.389674641668487,0.222209852113601,0.396807098474024,1,1
3.00348952065154,2.86057747187169,3.55179027817625,3.3827889808518,1.75228677817825,2.07217474891013,1.78466543561066,2.11046427843839,0.275413807119678,0.00536706757550483,0.0809453340896871,0.296821740298018,0.325691858046163,0.351007907400043,1,1
3.99981508909146,3.11294666155157,4.50214452280663,3.50389591766779,1.23014186893073,1.38463312781281,1.57455334886483,1.77229861320135,0.441198148959581,0.00568162577862991,0.130363590859044,0.379109285907465,0.49660741448475,0.426720925111846,1,1
3.71187307517226,2.50679844653781,4.76439954364291,3.21761793380697,0.923828406153175,1.18578613749509,1.11303033582699,1.42863754139242,0.150843497006268,0.0152789627700418,0.127203827669037,0.38440241616353,0.193616180764696,0.493402295567384,0,0
2.09080272742158,1.61687900678724,3.32980956111464,2.57503929249472,0.811120933237453,1.29179008774543,1.09530243166056,1.74437715305316,0.106691357171931,0.00436519478563128,0.10995317947564,0.209224079208423,0.169916509357873,0.333209982092749,0,0
1.62348439998665,1.2055921053876,2.43209786811256,1.80606477607708,0.840468349452709,1.25908279804649,1.00486430204408,1.50535990784015,0.030869376900517,0.00248454056145051,0.0485589285131958,0.153135727549734,0.046244574786384,0.22940847260906,0,0
2.89321168381811,2.34990891050458,2.41164849225881,1.95877623219228,1.38450997004836,1.15406397688056,1.09921210167758,0.916252765917568,0.10222955980014,0.00814885043745159,0.107163725903084,0.26496768988946,0.085213869809531,0.220864907118006,0,0
3.4920996932748,2.44403776799721,2.80625611984233,1.96403211419664,0.762355883188391,0.612630236993315,1.10966099931185,0.891725106321065,0.149271525609796,0.0285620448641563,0.121881525460067,0.234155150822121,0.11995480342884,0.188167401478441,0,0
1.62175554092472,1.74572788454203,2.31018481184986,2.48678296002133,0.84912277922344,1.20957228044321,1.02241649502281,1.45642854214616,0.172910859912585,0.00256060325123988,0.0784341218252266,0.216314888254032,0.246310884898338,0.308139763861402,1,0
2.48409577794538,2.18397535572528,3.78763104736574,3.3300217074837,1.30252176284753,1.98602320918214,1.34847140462451,2.05608503665071,0.147212038082508,0.00291750871150945,0.0585615660116614,0.318463292909632,0.224461911226499,0.485577676344079,0,1
2.48126691126494,1.85147418964112,3.74129259130793,2.7916813935873,0.504335843910608,0.760445378845546,0.809381301896489,1.22039763420081,0.154181039711382,0.00367522778468796,0.0523718072754077,0.160457880902552,0.232476554204432,0.241940872347202,0,0
2.52784612662188,1.96792152781807,4.3121165329298,3.35697132283643,1.40074062739538,2.38944797870665,1.11806343728586,1.90724418785236,0.228901927819013,0.0159233136801145,0.133943425689507,0.391860166440805,0.390471467773607,0.668453148516653,1,1
4.28129924071504,4.28129924071504,3.60500469681488,3.60500469681488,1.93519250540927,1.62950022387975,1.63246208162641,1.37459054851128,0.309925602337247,0.0115025470916353,0.170500113067902,0.380135022917271,0.260968269039365,0.320087073103472,1,0
2.78372537752215,2.12708746981883,4.33218250279425,3.31028742744172,0.611197878804013,0.951178869036494,1.00808226711357,1.56883160753949,0.214844303830979,0.00413921619464756,0.0609477347095087,0.188150173929742,0.334352210673186,0.292809376232961,0,0
2.51739600198417,2.51739600198417,2.02896654228518,2.02896654228518,1.51235617629695,1.21892625526787,1.56358308720662,1.26021403367795,0.107502149241656,0.00343826334042608,0.0856666282800645,0.271048313485744,0.0866443991581584,0.218459058079039,0,0
3.9962277493266,3.3721519434732,4.73737415815901,3.99755631472395,1.98110532994059,2.34852410407117,2.06738262745071,2.45080251894107,0.316901274783218,0.00442626564226111,0.0835306937088432,0.438872609843935,0.375674261833212,0.52026658414271,1,1
1.26439538843157,1.40884673056709,1.81149416278374,2.01844901684198,0.695462824294164,0.996386777560722,0.757368348191979,1.08507857144971,0.0650354870265969,0.00401466089371977,0.0429502163300673,0.138768639808822,0.0931760794134324,0.198813269402181,0,0
3.0993437251351,3.16731820650854,3.11704387933165,3.1854065586297,2.17021576269173,2.18260972639699,2.07077830350983,2.08260438623235,0.193047431757749,0.00890947710702535,0.0993505965883522,0.383684065018584,0.194149913319135,0.385875260225012,1,1
1.93044144479821,2.10534236227087,2.13110385562416,2.32418509130864,1.16066205274966,1.28130867805214,1.16246558961606,1.28329968605712,0.0929620875288341,0.00273263340713521,0.0785499366310973,0.258123463357542,0.102625160526575,0.284954464415686,0,0
1.50575159070219,1.44663541033542,2.22385455987061,2.13654547908826,0.84073266152141,1.2416836711324,0.961015691102369,1.4193304791852,0.112662490899785,0.00153736076817841,0.0702665871769812,0.181834236726847,0.166391983685058,0.268552196114246,0,0
3.00935159785931,2.55854091959775,2.57400012243225,2.18840651420633,1.19875706883225,1.02533743286616,1.66890544444454,1.42747122715201,0.128615257480606,0.00924749268309463,0.115998034077762,0.302136376447217,0.11000897626493,0.258427453448638,0,0
1.57426005890259,1.51536814208567,2.17180131487659,2.09055581693278,0.947580830853208,1.30725370485067,1.03136767874128,1.42284349281717,0.0535041053084259,0.0107017322590143,0.0611619216856014,0.175565245138257,0.0738126369928597,0.242204474465098,0,0
2.00265100173715,1.85679452251344,2.20302653668006,2.04257636638188,0.752980986273673,0.828320607503509,1.04121685265703,1.14539595508764,0.148438278232437,0.00722928579583936,0.0840016231541234,0.199672158110201,0.16329029157926,0.219650384700771,0,0
2.59407732257906,2.56154532345919,1.9933355131314,1.9683373418763,1.13542489616642,0.872480842541683,1.58922867941013,1.22119180395348,0.343338727417771,0.00419115506625697,0.0752049305132306,0.229666573388981,0.263827632444956,0.176479911732277,1,0
3.10508035972063,3.37829919870531,2.99137056377007,3.25458397460744,1.48198105195436,1.42771006908179,1.72612389120509,1.66291225971225,0.277391817253634,0.00710632549816864,0.128600728606934,0.367253274760769,0.267233572285989,0.353804252482009,1,1
2.48268604010225,2.12876596769525,3.33233810227125,2.8572956186909,0.469800995497061,0.630581447872219,0.731068230277661,0.981262422941698,0.142493552498697,0.00582809351177824,0.110566034357335,0.213094188078014,0.191259259789386,0.286021619663063,0,0
2.75599665852959,3.02754559333871,3.3083189846489,3.63428835529736,1.50555210057423,1.80727599262227,1.48448051611442,1.78198150516733,0.276254574460996,0.00507692887312836,0.154462403495712,0.280115006493472,0.331618055652153,0.336252147113208,1,1
0.941589665095859,1.10505536600387,1.65472551844409,1.94199594707108,0.50126657559014,0.880913018610546,0.456014772188334,0.801388660367978,0.0206691074895154,0.00317757898934866,0.0498658418874876,0.139680816477522,0.0363233591809687,0.245471482993529,0,0
1.77100234142901,1.70223559802441,1.94181315616374,1.86641395203742,0.544697727207107,0.597233096806522,0.602088251793858,0.660158860976754,0.0601186232628379,0.006429633035717,0.0696925891346791,0.159379654524901,0.0659169843265334,0.174751609719252,0,0
1.7031402039835,1.7604565227338,1.74910547934283,1.80796868211817,0.927711383703008,0.952748963760221,1.20117354452728,1.23359147030896,0.168575274506164,0.0105180997076526,0.099776304952609,0.298294817479623,0.173124875821033,0.306345360465833,1,0
3.10958619652316,3.59148328362668,2.34258721533895,2.70562135686556,1.82723447856313,1.37653560904487,2.23936322828088,1.68701021214218,0.46655115962941,0.00428735341222219,0.12097498931136,0.4080750929285,0.351473383523324,0.307420806235058,1,0
1.98307046189447,1.94041902034775,2.65395236633816,2.5968717449504,1.12611528232146,1.50708528804947,1.21097263095728,1.62065027000077,0.12571774248736,0.00360030446937701,0.0551494433613183,0.204776339582095,0.168248635929093,0.274053121886947,0,0
2.0125663643532,2.32445669550682,3.09958531044121,3.5799325457102,1.12740502075418,1.73633431579803,1.45369793039026,2.23886319013612,0.218329917609397,0.0030826192485903,0.0871479112044547,0.29396896140038,0.336253361597552,0.452746250072163,1,1
2.5205733395446,2.41275407625104,2.68810944174391,2.57312370611217,0.99727104200455,1.06355711295215,1.00250126381279,1.06913497430797,0.148270259027231,0.00873249588800649,0.103579641380248,0.290476352754967,0.158125406219255,0.309783577487587,0,0
1.86270753799036,1.92601904419841,2.45669672043887,2.54019730574019,0.771316154155043,1.01727717727421,0.716923059769816,0.94553895006175,0.0942058094640939,0.00594938026066903,0.0763835166796043,0.189466987398976,0.124246613296267,0.249885136062034,0,0
2.12965899612247,1.74196987494543,2.6498362788875,2.16745262023822,0.974333291403944,1.21231789126374,1.146050464468,1.42597763478212,0.123117988989601,0.0154890362846166,0.0423425325542977,0.191753047841341,0.153190024507358,0.238589456660609,0,0
2.27207945933363,2.64649942019607,2.23310455811258,2.60110177661456,1.6136645954241,1.58598404140465,2.13427231508362,2.09766133639734,0.474166141780254,0.00486147816180038,0.114154187987071,0.324620467450942,0.466032368789906,0.319051977933,1,1
4.27576888821575,3.19049744364913,4.65059670707841,3.47018683499716,0.80036599225874,0.870528680423904,1.33855490597269,1.45589698618111,0.422862922829363,0.00609767087500591,0.0857077658991476,0.263151959998096,0.459932463112248,0.286220717401559,1,1
1.13232103754133,1.22484991852524,1.6536208855108,1.78874836705982,0.604413571939002,0.882674500347287,1.02347129501207,1.49465871695506,0.047912521408829,0.00130061385921892,0.0366695544337387,0.181900208313485,0.069970567932887,0.265643729625542,0,0
1.61083839642302,1.89588889022891,2.89032063311468,3.40178554825215,0.932517071274423,1.67321150142757,1.07581729926508,1.93033450433782,0.0681854494292549,0.00349250166658644,0.0639474403733061,0.196147157184363,0.122344868238303,0.351946028102917,0,0
1.92103130712204,1.74686290957813,2.79356976773467,2.54029353633249,0.366340660235165,0.532733740116968,0.590059587877878,0.858066508206519,0.0912371857448415,0.00463962456481484,0.0892026667019535,0.171741235499068,0.132677402416633,0.249746644724056,0,0
4.02966554547697,2.90000728543219,3.77248136752009,2.71492095969232,1.01936126725166,0.954302868086633,1.6631164846649,1.55697188255637,0.222560991694827,0.0311267436496458,0.142041681607857,0.27164946839571,0.20835654592921,0.254312062987414,1,1
2.81770618835672,2.62129359096579,2.39992735421935,2.23263668099742,1.52358139624341,1.29768131408928,1.87024747132428,1.59294751317147,0.177271508321486,0.0165598350336735,0.0914834574212887,0.280471091002329,0.15098761670129,0.238885887444776,0,0
2.3571771300927,2.58998059655649,2.94021921376906,3.23060605673914,1.17920197263232,1.47087473935892,1.81350372844799,2.26206950617025,0.335650556434672,0.00367875636036552,0.0722317959013404,0.232186617176474,0.418672912842443,0.289617417497794,1,1
2.89593951162686,2.24668195479778,3.79034151762504,2.94056276244013,1.20564500444369,1.57800475372946,1.41224700272679,1.84841514337078,0.167067969530548,0.0339096954067384,0.175043517521366,0.270430379951501,0.218666397773347,0.353951970558066,1,1
3.52786937917209,2.88311466329522,3.36625649224458,2.75103820750888,1.89287830159876,1.8061649077498,1.4743978365783,1.40685517407047,0.472701325994668,0.0202174007494532,0.183270895160887,0.554987612412542,0.451046718712583,0.52956344257776,1,1
1.84491480550275,1.33462703588107,2.89177132452716,2.09193193083398,0.810058011126845,1.26970769641678,0.933591416172454,1.46333742786378,0.0612250467959722,0.00995405996702969,0.0547915032972704,0.202668233563556,0.0959658593119582,0.31766788605285,0,0
2.75233422723757,2.05319606815891,3.21036854517339,2.39488213642815,0.982588830206912,1.14610799884614,1.5971433757611,1.86293467011879,0.0796229154523436,0.00333232851490812,0.0824947340935747,0.229874931289505,0.0928734965083659,0.268129953634451,0,0
2.8616595279375,3.22311365687087,2.62047346728636,2.95146356071431,1.50822758444234,1.38111131987427,1.42541560645959,1.30527889153725,0.399254243435237,0.019499265155771,0.0676809370317742,0.384943502648125,0.365604343007775,0.35249973843699,1,0
1.79972320825272,1.3826780438425,2.44168266455532,1.87587790990881,0.527221720128763,0.715281176856764,0.53935788657388,0.731746301653353,0.0418113666118257,0.00633237336505886,0.0601552513763651,0.17029563800193,0.0567254389837963,0.231039920612232,0,0
2.29589063685862,1.87768248392637,3.33526907202893,2.72773285242321,1.01985438446747,1.48155523258791,1.40060382308277,2.0346747089335,0.263183623669928,0.0117764727882428,0.0767612060943525,0.266852054580353,0.382330145085593,0.387659320596827,1,1
2.07109155872083,1.70521981885886,3.11265329509075,2.5627829275222,0.974683978985613,1.46485716002605,0.836266824040503,1.25682936346496,0.0621416777926169,0.00478043085336958,0.060959563336379,0.200794756992118,0.0933930213414235,0.301775389579824,0,0
1.77916787653197,2.13525751977545,1.70347706216266,2.04441764868075,1.18033063954152,1.13011604849006,1.45314927667152,1.39132821211529,0.242960790718939,0.0107405295858213,0.114628417944567,0.298482348716857,0.232624554126598,0.285784068612294,1,1
3.83333995876277,3.23523967071118,3.2762434186027,2.76506461539897,0.914957570240712,0.781987444382405,1.38782970745124,1.18613741387183,0.322257623585863,0.0136293408229879,0.101020966818906,0.385011085149297,0.275424154842894,0.329057700955015,1,0
3.82608711403667,4.07464515696085,3.14055163686148,3.34457453160865,2.59263364215322,2.12810100396695,2.62417475454551,2.15399076789538,0.385365962582474,0.025473914755081,0.158082670118515,0.439527582797465,0.316318387038035,0.360775651065617,1,1
4.06496816626314,3.01328994044108,4.34072768572753,3.21770565834983,0.826554679124306,0.882626537944272,1.0440239300945,1.11484847914303,0.231806042129585,0.015542386241348,0.129070249240094,0.296676188094408,0.247531312333942,0.316802122596043,0,0
2.37247236844855,1.63827761281876,3.19098992419522,2.20349346321697,0.609796909089266,0.820180592443193,0.861486632690272,1.15870481835841,0.0465068354111607,0.0073823204585057,0.0868313924894155,0.194255055860063,0.0625519796044097,0.261274244630632,0,0
2.63340264008005,2.13437172291442,4.40497605458339,3.57023122401522,1.42948943578245,2.39115228300606,1.47278820348807,2.46357950398373,0.0994620905600613,0.00361294200266396,0.0964565936987149,0.261808872541054,0.166373391059772,0.437935998418291,1,1
3.40542141026637,3.93316450991166,2.38574232613782,2.75546427783379,2.02408026164951,1.41801362297174,2.47706586988307,1.73536258173381,0.560733151054579,0.00462072230841145,0.131259551644758,0.443735573790193,0.392833852546578,0.310868645158811,1,1
1.7535132350448,1.79960713643404,2.62927376626684,2.69838843462834,0.968970227092127,1.4529049153837,1.33057732252824,1.99511014698653,0.128345869601089,0.00366078314497401,0.0592494997746445,0.231832648664532,0.19244589730298,0.347617280049921,1,0
2.16493287361845,1.75539088849068,3.59083036348742,2.91155027437235,0.989559121859549,1.64131598930372,1.02676780331653,1.70303155785054,0.0607085764036259,0.0706952450221627,0.254686142783406,0.243927485436557,0.100693283441108,0.404586318526704,0,0
1.50778966629639,1.18413438769972,2.56423725803118,2.01380973973242,0.481996443859617,0.819711971245468,0.69997226426983,1.19041468432263,0.0270086276699739,0.00310413417229627,0.0436243869706178,0.12403684595087,0.0459324870754385,0.210944476451512,0,0
2.68420264429474,2.30699064188603,3.79581501828515,3.26238771283794,1.57082560761583,2.22135368399569,1.47162115832938,2.08106556555477,0.212565683814867,0.00557036723157184,0.0769558801668619,0.296183168580484,0.300595790228991,0.418841894016715,1,1
2.03638931833122,1.43199812490164,3.07212546585382,2.16033244083718,0.699980830155576,1.0560008906807,0.918124415170082,1.38509536033982,0.0355171307255844,0.00820985199501916,0.0616105812324415,0.166390841944604,0.0535816411890939,0.251019556143504,0,0
2.90221575049966,2.16557820943202,3.88287389745405,2.8973266721646,0.576738524969775,0.771618362237797,0.950799133521581,1.27207397886848,0.209221539252638,0.00424653676639315,0.0605926318681195,0.185573897468763,0.279917457345947,0.248279281926651,0,0
1.53506413417773,1.09185376336966,2.73814239881854,1.94757405650252,0.352997155584842,0.629652179898625,0.496851959252675,0.886250538512223,0.0518688672886139,0.00593365312045551,0.0546575777224376,0.159361181844292,0.0925201374584408,0.284257575314547,0,0
1.86960965847022,1.48802733986758,2.57449551491765,2.04904788291398,0.754812488481527,1.03939416305197,1.09539871134105,1.50838922799619,0.0680594446065891,0.00328027699599978,0.0405554075719062,0.15980306186493,0.0937194211067676,0.220052492870627,0,0
2.25608044397436,2.49564119112838,2.48512940436721,2.74901159814035,1.3447972068173,1.48132797768737,1.81259271128147,1.99661650229634,0.333291003497054,0.00368601383897605,0.0735744218396325,0.238407999043556,0.367128430732054,0.262612412709794,1,1
2.07483358205588,1.61736393955115,2.7939543859502,2.17792940680528,0.808284331080382,1.08842924630089,0.746201350895355,1.00482879936339,0.0550618555293526,0.00909097410943374,0.0469260970211491,0.184467848904692,0.0741458563642275,0.248402936973566,0,0
4.04537331769951,3.15342925941391,4.05487615851428,3.16083686655408,1.33177332609716,1.33490174686958,1.45595456863284,1.45937469909119,0.25280469471218,0.0213654763987845,0.110356074321459,0.433812930030623,0.253398549118785,0.434831984365962,1,0
2.4202584034669,2.71455659133446,2.96837235403133,3.32932001294917,1.37061776516957,1.68102045477691,1.85311950122875,2.27279396624931,0.376556344740379,0.0142175699825358,0.142940811482147,0.317528111324191,0.461834753620234,0.389438444230736,1,1
2.62558256643421,2.06519377928174,3.80204117654221,2.99055603382974,1.00008986407859,1.44820539718669,1.53070968665754,2.21658283856899,0.0986716596068077,0.0181646427623834,0.0880150197188595,0.237402120260185,0.142883989853853,0.343776138738414,0,0
2.1855169310207,1.62008554890169,2.63250581803347,1.95143060786257,0.506003663440781,0.609493145098628,0.546065567661819,0.657748637630606,0.0748101564432704,0.00911838189589148,0.0771236547995292,0.176009497254639,0.090110568026086,0.212007520497948,0,0
5.20195163330539,4.53369161769456,4.35314678831379,3.79392706737487,3.53833952069903,2.96098703069016,3.27079806511501,2.73710043769307,0.882662555965664,0.0126573328277859,0.216712677033839,0.602283810534223,0.738638099990423,0.50400888364556,1,1
2.77352033447597,2.56676936448399,2.92014869841914,2.70246737536765,1.09087663196051,1.14854826819117,1.16896536769729,1.23076533982696,0.159884780849119,0.00931218611177793,0.107123057512797,0.312063057624656,0.168337447860031,0.328560970049464,0,0
2.13704227813372,1.7339838237526,3.18224920106389,2.58205871463305,0.572900300637832,0.853100354002417,0.82051136632651,1.22181562184003,0.126620293576205,0.00408230584673875,0.0642144134410001,0.214826237370099,0.188549067182349,0.31989569379768,0,0
3.84877741624534,3.79654211070835,3.42325171344259,3.37679160940359,1.87555459488057,1.66819090485194,2.76643025345273,2.46057022296968,0.670512690727614,0.00560043935704839,0.198329205304734,0.566397862271029,0.596379958926673,0.503776197689558,1,1
1.24546177862205,1.18238986445962,2.27265139498359,2.15756117209124,0.737953744557942,1.34657814136897,0.823236267666742,1.50219708402763,0.0763310493493683,0.00323905037332942,0.0642376634753909,0.189581020380866,0.139284776748694,0.345937208051195,0,0
1.71610232867532,1.79829233682824,2.00805420849733,2.10422679040583,0.665477395144408,0.778691725808147,0.745051296659846,0.871803135981438,0.0942828473571976,0.00647727211486289,0.0540904952566906,0.227894835179676,0.110322715179155,0.266665440184211,0,0
4.0268655319984,3.01423714872454,4.48162806367907,3.35464139265756,1.47146676921263,1.63764265662027,1.58731739551896,1.76657654177824,0.279287976199955,0.0154933515860317,0.152758459634343,0.389297931373771,0.310828564311331,0.433262178861749,1,1
2.21910511834609,2.21910511834609,3.44434138594201,3.44434138594201,1.07775634992933,1.67281881751959,1.08197340434957,1.67936423753883,0.118143800115019,0.00303643315940794,0.10624765701892,0.258489561484617,0.183374630099499,0.401209607915749,0,0
2.17427338734538,1.99407345197851,3.06017363692601,2.80655185468144,0.890801124747776,1.25375499399614,1.23022079613383,1.73147004872431,0.124073854395351,0.0113972206351348,0.0811681121656334,0.203175020312253,0.174627321689302,0.285957986911927,0,0
5.47027945685802,4.13580705471489,4.50687443103086,3.40742428491535,1.68445562154121,1.38779563837689,1.98352004948161,1.63418996505533,0.806811914713598,0.00839946101160866,0.186402810369166,0.539532218737251,0.664719237426729,0.444511835368081,1,1
2.749082465144,2.49057340015279,3.63128520398323,3.28981849474468,1.87466545919032,2.47626072723855,1.6839380130654,2.22432730512833,0.263563734237205,0.00590950993603763,0.109467756888136,0.317240384107175,0.348143462619626,0.419045382421439,1,1
4.12397347319937,3.06145438508473,4.10569220719414,3.04788318673916,1.40652758633498,1.40029255472855,1.69243506034484,1.68493262228702,0.19497908637509,0.029023563325439,0.129012949069961,0.297031838634728,0.194114758666232,0.295715118706873,1,0
2.00313514930684,1.9244915672468,3.30633517756514,3.17652763964398,1.04623989346229,1.72690283285348,1.24960104451179,2.06256671838701,0.220817223063929,0.00231679591789151,0.104637295341519,0.271049784388701,0.364476532040865,0.44738940221079,1,1
1.9902745236184,1.84794190561378,2.60020976957911,2.41425820386618,1.02982310862343,1.3454204815488,1.15670018064097,1.51118002792324,0.116719231393234,0.00240540688812507,0.0533167839010648,0.271141977679667,0.152488755779623,0.354235564460678,0,0
2.06713060215703,1.43940671613878,3.37532895425998,2.35034552769416,0.483465509757157,0.789430107496144,0.791318852432769,1.29211063484861,0.0700276556186316,0.0107616168213437,0.0654651612959221,0.137511253532841,0.114345157176749,0.224536231577072,0,0
2.1083634419836,2.17251140132783,2.55265352264021,2.63031921875766,1.7370228431609,2.10306126126412,1.68782460470673,2.0434956028027,0.155624262496006,0.00341613558777715,0.081648632332393,0.289446959846351,0.188418568619729,0.350441383566276,1,1
2.41646334295255,1.80922947786233,2.44376266880917,1.82966874718111,0.554309587114612,0.560571746268907,0.615507852745252,0.622461382368784,0.107891648824081,0.00878095455092361,0.0603620338575998,0.220139413639282,0.109110524867471,0.22262637774091,0,0
3.84861958292219,3.64574982372417,3.29172214906755,3.11820775894924,2.64188142008539,2.25959968199874,3.15311078384017,2.69685386721172,0.392415513362907,0.00599990332481052,0.131136297114459,0.459482880767349,0.335632766279699,0.392995447627703,1,1
4.55699142280746,3.6269216913588,3.24721235583026,2.58446502024648,1.77645333816905,1.26586177019939,2.6562730928119,1.89280207205751,0.386926892241734,0.00808224692640747,0.0975874805743335,0.420124865118756,0.275715635320705,0.299371784238443,1,1
2.37781301224253,2.37781301224253,3.22700984440851,3.22700984440851,1.31931538493332,1.79048718849604,1.85180051621572,2.51314063172407,0.318355345978997,0.004029858117161,0.147190474342107,0.336234885378869,0.432050724848803,0.4563156478515,1,1
4.21604850752312,2.91133333154471,3.75662512222219,2.59408493828476,1.20862552259296,1.07692143328755,1.75277199095474,1.56177218620672,0.158054545386604,0.0129021392607673,0.157110245408495,0.372913740219117,0.140831319853467,0.332277278695729,1,0
1.56539003398376,1.76306987084205,1.85963338908247,2.0944707248195,1.26264121358492,1.4999774549724,1.05371619115952,1.25178119775699,0.108528240366986,0.00251579843024041,0.0667283089732378,0.26899288120647,0.128928085054429,0.319554955926232,0,0
3.52659498834948,3.8228924565265,3.21003615846335,3.47973698593334,1.88722909487093,1.71782516956251,2.61501031141203,2.38027833706978,0.819323184069594,0.00685258637846198,0.14554906059541,0.443553405272419,0.745778025267835,0.403738584622782,1,1
2.14777931282148,1.75679151816231,2.9063913186201,2.37730365803033,1.07142252103787,1.44985711293949,1.15655801995365,1.56506311826701,0.142639958115408,0.0178764944499499,0.0487966714136418,0.220981360906542,0.193021477337143,0.299033660060685,0,0
3.03303432799887,2.88290576775233,2.88674547285174,2.74385789072425,2.02924001369736,1.93136601481704,2.09454619845427,1.99352236150126,0.170865045589096,0.00871235892315576,0.0906472794194706,0.364752938358156,0.162623908430459,0.347160229541315,1,1
2.03214782545768,1.58156505941746,2.56368303545369,1.9952443722354,0.598537160709882,0.755092491686696,0.774033233894773,0.976491889888208,0.105135099058821,0.00277463529787045,0.0628113971189957,0.182405115723344,0.132634578307381,0.230115592429691,0,0
1.87893068551876,2.02922331965513,2.99628132890363,3.23594903831155,1.27495566111108,2.03313824826508,1.77837934833321,2.83593475703305,0.225139867054768,0.00304175401979615,0.120729685759792,0.283997173961737,0.359024622487231,0.452882821256394,1,1
2.41977611037385,1.93219616578872,4.30721635003259,3.43932105167765,0.718294679829174,1.27856894521686,0.903386047030082,1.60803271653017,0.181166406400228,0.00532116931827351,0.0828179714383447,0.277584683567989,0.322477316962664,0.494102442972688,0,0
2.22171979628833,1.91729529347273,3.2083597676454,2.76874387695084,0.989664566630213,1.42916311244342,1.16412725087975,1.6811026495699,0.191117244492317,0.00369571058517398,0.114901190820434,0.320300220499998,0.275990194243568,0.462541830314041,0,0
3.05343361118907,2.23358524708707,3.6803571941383,2.69217955246025,1.20712923853471,1.45497408589992,1.44843269259748,1.74582137986958,0.190773636022583,0.0251884340294713,0.0598754443118539,0.257495686325228,0.22994281624948,0.310364076086,1,1
4.59514320279834,3.13461583377664,3.91467306466389,2.67042736885362,0.737153824704826,0.627992664152144,1.55760878344061,1.32695084368766,0.282470692966404,0.00813971756822201,0.176048909207521,0.331899946890632,0.240641121399466,0.282750661930383,0,0
2.81778890764931,2.18601229793947,3.03798113188476,2.35683521117568,0.983823104666379,1.06070260301441,1.11651995436394,1.2037688648438,0.123103271941913,0.00926896904542096,0.0936182166156379,0.242299213020889,0.132723007183956,0.261233350528754,0,0
2.80783885945956,3.08449581731257,3.22032371496389,3.53762289304254,1.61873051802452,1.85652971422067,1.51168421436181,1.73375780046825,0.304329123307125,0.00550426449726422,0.167312615218809,0.301733416710344,0.349036515980385,0.346059487764347,1,1
2.67394966491968,2.80688335837295,3.17996207912977,3.33805185537571,1.33377709859294,1.58617817350151,1.79011338432135,2.12887054463516,0.245428538969368,0.0146837665210122,0.112954400078428,0.306651366402363,0.291872901460266,0.364681403493111,1,1
1.45614338996458,1.68117467122214,1.89807870242925,2.19140632749626,0.836118335649195,1.08987783520751,1.42688717936323,1.85994331642338,0.0963534789417797,0.00702726414138507,0.0549497706748261,0.209103448133316,0.125596481462451,0.272565740600602,0,0
2.61423445375323,1.98541033860493,2.88568968945018,2.19157013067997,0.819359064597975,0.904439156661465,1.21401336478953,1.34007332226773,0.106556796935347,0.0215706717713673,0.101511283596349,0.194462154557994,0.117621374707118,0.214654593657666,0,0
2.49202435640297,2.38542629555642,2.18110618844407,2.08780786670369,0.984995081743631,0.862101874268599,0.964673200878927,0.84431545897898,0.14136807741598,0.00807252923527274,0.097102923773924,0.220493603606552,0.123730246740242,0.192983652869569,0,0
3.18939060319362,3.57721360324071,2.35612543265924,2.64262518996905,1.82397870811884,1.34744318194345,2.40371561665189,1.77571712025574,0.616590886552598,0.0182321295342634,0.181101125873194,0.394528010361984,0.455499388471826,0.291453006157203,1,1
2.52252681280313,1.90715744421783,3.68045201563225,2.78260727460793,0.754775957576056,1.10124367372913,0.903328085587792,1.31798625747186,0.161965894065692,0.00372962489890133,0.0822293256680116,0.237821963279119,0.236313722515139,0.346990295472655,0,0
1.93358607800288,2.32058158628439,2.51574393818226,3.01925480596246,1.33823593175182,1.74114769001626,1.58210751568909,2.05844334391276,0.295982759082931,0.0119774043045514,0.128083236257871,0.333517515769894,0.385096293586487,0.433931893759976,1,1
1.60279760283365,1.4860631268542,2.02522832748655,1.87772750322157,0.563446382255157,0.711947392699832,0.802432667028021,1.01392051329041,0.0855404412433865,0.00536205643734585,0.0614594514723957,0.146338007026123,0.108085340560485,0.184906613719206,0,0
2.32732949584317,1.81129687824172,3.94910077171419,3.07347709572014,0.742663337337038,1.26017925860515,0.895376884867278,1.51930938585187,0.159009360832813,0.00362050416538294,0.0822903062362236,0.239101888652151,0.26981310153814,0.405717134028949,0,0
3.30164020005711,2.52283416895197,4.40211099946522,3.3637208696387,0.758410054699276,1.01119596370281,1.20291239031378,1.60385552147738,0.317688472962933,0.00512996506495221,0.075690292075895,0.23375824481485,0.423577324146115,0.311672283581153,1,0
1.70938258086239,1.76325426195528,2.97447453625499,3.06821595226685,0.853334097872898,1.48487563489767,0.899426009162924,1.56507957402424,0.113444225501041,0.021717119835383,0.135383982110332,0.258961644575451,0.197402830598507,0.45061581080801,0,0
2.44136525156804,2.21179227349739,2.62507631846586,2.37822813067181,1.66892769767235,1.79451336647705,1.50465121196837,1.61787518748054,0.231256089533642,0.00574850114176158,0.107184512919159,0.299954281724234,0.248657952244498,0.322525636453206,1,0
1.42768132988421,1.35257180601851,2.52514703863903,2.39230045180411,0.646218314791977,1.14296953371493,0.778681934326584,1.37725859360083,0.0841594765924984,0.0114627942727668,0.107179063148614,0.192057802729926,0.148853283041948,0.339693586838687,0,0
2.15714855054866,2.3862042652382,1.93728539192605,2.14299504965564,1.29868964033025,1.16632323175776,1.78210654153661,1.60046880818506,0.31905108058714,0.00360110065630893,0.0726830153622829,0.236811921885547,0.286532421488766,0.212675328635164,1,0
1.40895009164735,1.40895009164735,1.85904107198036,1.85904107198036,0.720619917733078,0.950822908699739,1.0742994967109,1.41748589948866,0.0951680961429671,0.00208389167378757,0.0753468803591183,0.17199149197625,0.125569671005943,0.226934402794345,0,0
3.51267094263003,2.79834257913871,3.84566437968544,3.06361926707926,1.40925965793661,1.54285435691758,1.85088550474585,2.02634535734448,0.470536317386556,0.022359423340748,0.179351675395566,0.462579487285628,0.515142119679164,0.506430999681276,1,1
1.79037709692591,1.39335158016955,2.23915787990875,1.74261286942115,0.44231333783657,0.553184799730758,0.701008865928391,0.876725651107013,0.0792305119868262,0.00587694099811243,0.06011376749743,0.1459502379453,0.0990906471877462,0.182534520761521,0,0
3.49302359657274,3.56280468674853,2.66444339153033,2.7176717077533,2.06914202945906,1.57832080262474,2.44586510033758,1.86568138548028,0.404180684323264,0.00391507173135822,0.10222708728303,0.497026295751392,0.308304975204281,0.37912667708027,1,0
3.2787561200071,3.41302252616321,3.02383309018791,3.14766029385153,1.55145906707217,1.43083324693108,2.16821716423232,1.99963845066492,0.601119362562275,0.00612877141666617,0.124032242849588,0.388312364849283,0.554382379517919,0.358121109098484,1,1
4.37538212858191,3.66504681105562,3.99408362926144,3.34565142845215,2.09899856909072,1.91607854497628,3.25170821672666,2.96833377608831,0.340831204500804,0.0115156015701685,0.113361655166866,0.379535327888269,0.311129015531113,0.346460216569979,1,1
1.68123454786836,1.85639282579773,2.23273127944149,2.46534686926615,1.35898580245921,1.80477501685574,1.16934952462777,1.55293219708502,0.122968651257226,0.00288229388132884,0.0736109406498422,0.278157035179837,0.163306157609508,0.369401112908462,1,0
2.52299846645182,2.2635990451536,3.09110360226066,2.7732950517359,1.17110368610132,1.43480183236872,1.33075848575029,1.63040620267465,0.276706774797847,0.0141792995220775,0.139678158687225,0.385362384923608,0.339013011589514,0.472134673109154,1,0
5.51552870636736,4.25048961898225,4.51474160538952,3.47924257994376,2.65024665979594,2.16936208594331,3.66901853729162,3.00327883746356,0.352457798283691,0.0148935329488549,0.128867112403758,0.500290463465474,0.28850468754126,0.409513265261345,1,1
1.98150895643902,2.04379457480988,2.78068282438308,2.86808921669189,0.861148488503568,1.20846327918125,0.962629453474692,1.35087312062055,0.10824661742076,0.00667950155015624,0.0949792922626848,0.243093265806558,0.15190418841225,0.341136620530986,0,0
2.54871522256085,2.13149126148175,3.38565251370362,2.83142215477574,0.783054228888371,1.04019056147763,1.36688826803414,1.81574177438777,0.143758583266697,0.00360306074272734,0.0769576831289482,0.201862867036,0.190965473307892,0.268149818055059,0,0
5.10656748723234,3.50793228777951,4.20283941232504,2.88712057790464,1.83239218990357,1.50810698846501,2.23257373925648,1.83746693365537,0.400953100726948,0.0620559090538702,0.284662150297407,0.609768232778122,0.329994952273207,0.501855300553884,1,1
2.56221457174336,2.15784890272314,4.01982875995061,3.38542414614882,1.2417923988328,1.94823370913845,1.8468442470008,2.89749254458099,0.117406826600125,0.00370955979875332,0.0721964378844771,0.249030575718058,0.184198210168087,0.390701185380182,1,1
2.30864911396737,2.14421032931698,2.58774489370089,2.40342687727691,1.95240682209587,2.18843597917876,1.9536817404806,2.18986502420774,0.196553392877233,0.00271025866443362,0.0623922866193045,0.323290406860132,0.220315003991045,0.362373430623729,1,1
1.48615124144429,1.3022871713084,2.02651604025139,1.77579896855271,0.757643613110356,1.03312293657948,0.794521109715797,1.08340909609755,0.0726303084384741,0.0125435691072821,0.0348074864889179,0.122298509435825,0.099038698723512,0.166766264535552,0,0
2.00535861183983,1.93658819380586,2.00872806535635,1.93984209755213,1.18198467477878,1.18397067488638,1.35345693776414,1.35573104984139,0.189515773738068,0.00477203467842606,0.0966657873861753,0.267689947871663,0.189834202864154,0.268139727193361,1,0
3.04270597891753,2.26980861940857,4.09299750678173,3.05330882592084,1.38047780339178,1.85699579473013,1.766633568501,2.37644611124863,0.112982031514615,0.00425178261535761,0.105465820428409,0.293955576725276,0.15198155079873,0.395424155661986,1,1
2.5552383645688,2.44239808913088,2.70612837532415,2.58662474095637,0.966932336986737,1.02403089685132,1.27032106941624,1.34533511213131,0.140385110311936,0.00558755916829196,0.0883910473732848,0.274114352206549,0.148675026078144,0.290301146411801,0,0
2.26695150022393,1.78310680305668,3.369676743384,2.65047290364896,0.852639789622267,1.26739388526406,1.29369710218997,1.92299704594572,0.0720941196127763,0.0156373617890783,0.0752962586880825,0.201535770188385,0.107163244634885,0.299569883915338,0,0
2.56818242226089,2.38871849449925,2.8643810416617,2.66421883048588,0.707219874145268,0.788786334735799,0.811740498384187,0.905361735274925,0.155715287961974,0.00506575654023082,0.112371541948815,0.244607645367933,0.173674546974942,0.272819210957997,0,0
4.48813852246656,3.33985274078348,4.20219570489413,3.12706810898209,1.75167899550975,1.64007815588521,2.14687044909936,2.01009165269958,0.198588711828445,0.011861740423057,0.141309602043076,0.354996554609917,0.185936469587245,0.332379446304205,1,0
3.33644754373501,2.62433594749953,3.43599689340343,2.70263807377621,1.24478686772793,1.28192748556584,1.76634088864264,1.81904307695886,0.147787836312916,0.0227304255382694,0.107731510800987,0.279046426597961,0.152197371544926,0.28737231511591,1,0
2.3899210518581,2.19184861920851,2.90266030493556,2.6620929492453,1.05759869333814,1.28449839098978,1.39032005462808,1.68860257144778,0.156247245100647,0.0125419831848128,0.0905488462822215,0.229830489610904,0.189768894565189,0.279138860481943,1,1
2.53291732781499,2.21022020402863,2.98783332959259,2.60717928643663,0.920907312876237,1.08630373864225,1.36232555871546,1.60700140718655,0.138597725781871,0.0121294255599872,0.0729394500254581,0.308883022726619,0.163490098926377,0.364358907459497,0,0
1.31395146857747,0.95114118040715,2.28127854905565,1.65136842864937,0.441908168753188,0.767239620440881,0.58220035384391,1.01081448610476,0.0218645053957634,0.00174800435890572,0.0489106866493045,0.111337127037351,0.0379610878619951,0.193303181812928,0,0
4.3353461071861,3.99266037651751,3.79312507362045,3.49329899163443,2.63401124080192,2.3045758826782,2.37752369094956,2.0801671890323,0.265576821471537,0.00574947562870025,0.131668304769468,0.402460804317365,0.232361171539762,0.352125096881019,1,1
2.01341343174136,1.59659021695837,2.9477168286859,2.33747117052511,0.462501989570851,0.677121189551017,0.580595172807469,0.850014276530475,0.0689423556171842,0.00349073908464239,0.0719570653379511,0.164121605476323,0.10093433303773,0.240280516056302,0,0
2.93361610121844,2.21632124108084,3.67663916807831,2.77766865290155,1.35374170014563,1.69661591240555,1.45752335952422,1.82668327658487,0.168753145143279,0.0162382452134181,0.0915514469426182,0.343318779552664,0.21149475656085,0.430274183290685,1,1
1.64191757721298,1.28236464120002,2.80506573885165,2.19080249195625,0.764196952391453,1.30556047309436,0.798978360924123,1.36498132270217,0.0544889768190485,0.00875172160227652,0.0507096220490232,0.207587079050944,0.0930894243057177,0.354643504250982,0,0
3.13695426359541,3.02651232179851,2.6320995069623,2.53943185671152,1.26502151929527,1.06143164274812,1.89547323403515,1.59041979752868,0.267151310520713,0.0154299153567001,0.113603738660926,0.294295761679542,0.224156546005859,0.24693242684705,1,1
1.12884378410499,1.34551716967765,1.65809634122518,1.97635592055551,0.901830189305801,1.32464859916816,0.930122381137481,1.36620543849518,0.0473950270967587,0.00868051610327438,0.057453966686341,0.151016918860203,0.0696159398917282,0.221820418512323,0,0
2.59340697083352,2.53514842921522,3.58163124345071,3.50117313749022,1.53300774057566,2.11716420980116,1.56442300108313,2.16055033462465,0.12117320302483,0.00379408487640949,0.0939809516510218,0.296982619792263,0.167346557907662,0.410148596719452,1,1
2.40348941480506,1.8477600411686,3.10375776915725,2.38611393417786,0.546745715966577,0.706042744865735,0.904077810749076,1.16748528691262,0.0949704842634101,0.00339298367407549,0.0655055095534535,0.173733101161182,0.12264059768996,0.224351086868645,0,0
2.79477845792644,2.79477845792644,3.19637447293804,3.19637447293804,1.18123974189908,1.35097812376423,1.09259077965548,1.24959073859806,0.133872683828805,0.00746837074041226,0.111448052124913,0.248466896232207,0.153109534675453,0.284170375735619,0,0
3.23158216511001,3.34142030670519,3.18701488805752,3.29533823391572,1.37395800297073,1.35500952391363,1.24396527423154,1.22680954611207,0.314748832798742,0.0112609994539505,0.145481290234265,0.358368390851672,0.31040808027673,0.353426073885581,1,0
1.39819766270325,1.31548619176601,2.38509988383273,2.24400744391072,0.614532665494406,1.04829369135715,0.81640041985682,1.39264754798461,0.100288644836355,0.00239187277035603,0.0420144463829683,0.126794446654618,0.171076265916844,0.216290892234705,0,0
2.02157232777347,2.22387452018928,3.05757991811839,3.36355715792516,0.943053759800043,1.42634631373613,1.28086062412018,1.93727113713109,0.114951102832817,0.00263038444888636,0.0989289497203717,0.23532949525601,0.173860800703722,0.355930247436757,0,0
2.90590387580696,2.58348923583143,3.46069799908864,3.0767280719587,2.11316969004017,2.51661528756727,2.14266991406074,2.55174768375237,0.223887201369007,0.00837458817132998,0.0938497865097196,0.34580107356118,0.266631665365778,0.411821290208217,1,1
1.29395556700296,1.02514232659956,2.11925135963805,1.67898676343317,0.635287941153229,1.04047995725927,0.594212591081192,0.973206401885653,0.05578141680899,0.00661654106318013,0.0541335132135439,0.200637677875555,0.0913592757197961,0.328606083914639,0,0
3.71943831770181,2.92104058899482,4.08935900917384,3.21155578569971,1.10051216339644,1.20996477039882,1.75037543258103,1.92446088179372,0.163226224004074,0.00732198849304506,0.10409929340708,0.29492586617857,0.179460061614066,0.324258031691446,1,1
1.89657347518275,2.24185341405233,2.75600773887736,3.25775164495617,0.627151333703701,0.911345619746215,0.99634067045412,1.44783349248582,0.134603299280612,0.00341183237623524,0.092971844451401,0.231946323351421,0.19559892582598,0.33705304356799,0,0
2.95472569556507,2.30024614388623,3.97196188257533,3.09216182665299,1.65173083973955,2.22037935554115,1.30488996071239,1.75413006787205,0.315011644704232,0.0187118474939121,0.157503140390212,0.46078563759694,0.423462065263994,0.619422300797773,1,1
2.20992096834692,1.69085788901619,2.70633085196452,2.07067172848046,0.777002656875441,0.951539124013733,1.08756078438711,1.33185726835075,0.109990821467887,0.0120728013858323,0.0805193959377169,0.180660710208645,0.134697827585269,0.221242144302205,0,0
3.57221530070423,2.94220354842023,3.34107930751639,2.75183172531348,1.12782385369791,1.05484933659251,1.80033841571304,1.68384963416955,0.280819348095489,0.0054383443643301,0.113050114588441,0.295042208824344,0.262649262178322,0.275951849417535,1,0
3.03849401146888,2.64068089722633,3.16569875317812,2.75123142989164,1.5645007013911,1.62999759125601,2.06139570717314,2.14769481044659,0.193259555793662,0.0191426495067878,0.100714260839245,0.312179734495613,0.201350251969065,0.325248953109665,1,1
1.70560112487245,1.92526253183437,2.13629163034705,2.41142091958114,0.829644320885355,1.03914226663335,1.14910822394628,1.43927571656766,0.0635487882316297,0.00327258359190284,0.0584947253730446,0.177103393027772,0.0795958342417724,0.221824722506318,0,0
3.03173674227421,2.61535768749933,2.93259966545128,2.52983610761751,1.16042940326734,1.12248363532015,1.29869479872506,1.2562277849387,0.172363530134508,0.0101648922149994,0.111954462704895,0.278046707412518,0.166727283329121,0.268954645622073,0,0
4.48567676086714,2.77085414388063,4.00229435935106,2.47226327304381,0.618738379684169,0.552062321683038,0.813898265417101,0.726191522577468,0.238369041874001,0.0104661832104612,0.162639712366332,0.280688666561627,0.212682081789551,0.250441288305447,0,0
2.03670329766241,1.6775012604308,2.74040549228351,2.25709541133126,0.604802772245452,0.81376842700259,1.04948387618911,1.41209148218717,0.0898978476892093,0.00297879632787583,0.062449576720682,0.163579242970934,0.120958490043556,0.220097574534112,0,0
3.04302469731345,3.47494631990044,2.93790406588675,3.35490504923829,1.47349757369171,1.42259591801704,1.58828365720156,1.53341674104504,0.339538406691473,0.0100982591163674,0.15872171132062,0.399418127379359,0.327809125711094,0.385620314370988,1,1
2.7690197938131,3.04243711604655,2.4475912713717,2.68927024124966,1.8319393301406,1.6192873464296,2.53768510588925,2.24310997290175,0.553168704885487,0.00291067376288054,0.161879984980148,0.394085605108647,0.488956740828951,0.348340047764305,1,1
1.20150011764052,0.98934143426155,2.17227220194975,1.78869636742429,0.396809445864201,0.71741826410689,0.535062442619934,0.967375078325513,0.0560114211557998,0.0020363887183776,0.0322179846434823,0.0993157671994886,0.101266784232515,0.179559599816293,0,0
1.91505560778175,2.04101532035955,2.96801635955018,3.16323287757506,1.25640028482019,1.94721061066693,1.17378755863656,1.81917468219379,0.162901791291364,0.00542551459556374,0.0795360296469046,0.314145053355956,0.25247057035218,0.486872367488194,1,1
4.08074693887381,4.02211398532015,3.36856410062868,3.32016392649066,1.80338588772658,1.48865417335892,2.28766717866949,1.88841740193261,0.804825762463097,0.0057734974224986,0.162571220856271,0.468466919085459,0.664365424101132,0.386708823066324,1,1
2.02670804733578,2.24399112855902,2.49061538711604,2.7576339081931,1.36368686242401,1.67583065909568,1.24253503201653,1.52694754127967,0.148297675014773,0.013473123292137,0.0839849208458629,0.245544606208851,0.182242564118133,0.301749023620367,1,0
2.40274502748247,2.79758064033062,3.02011114611903,3.51639661195427,1.36421999459599,1.71474541173215,1.33366042237854,1.67633380183643,0.234318565974102,0.00415318279744096,0.134115233603647,0.27104328009927,0.294524847516795,0.340685683227135,1,0
2.88952748738736,2.69873766750882,3.46181905922101,3.23324195184141,1.14656095881507,1.37364555177621,1.3827669416236,1.65663381776705,0.171039920329773,0.00635930966599548,0.0974934453089951,0.308646924023417,0.2049155990624,0.369776653386433,1,0
1.80096366664647,1.68866521444548,2.0238206128153,1.89762599458915,0.904895490445436,1.0168701234363,0.93989637477829,1.05620212801332,0.0820310568270679,0.00832668073802791,0.0562782226713447,0.213641222792034,0.092181839518605,0.240077864112991,0,0
2.37269788914509,2.02385928417024,2.81246199688458,2.39896842738025,1.44214414540544,1.70943617454974,1.66483606102755,1.97340258703147,0.0832629109640733,0.00629226924072506,0.0605448462208468,0.21896077983116,0.0986951494784769,0.259543734961234,1,1
2.57868282510469,2.57868282510469,2.13580393029155,2.13580393029155,1.7804116904882,1.47463280441531,1.7284747141165,1.4316158047354,0.123864068704532,0.00682208879227737,0.0758794116498788,0.293040224344839,0.10259088949813,0.242711688617159,0,0
4.67766062508451,3.39725688467733,4.78901295359415,3.4781290331666,2.35195601545258,2.40794463879743,2.12702963921376,2.17766386048782,0.188477611154119,0.132200291808998,0.423916800680336,0.383458088762212,0.192964345561784,0.392586359171688,1,1
1.55146430671788,1.52207355059644,2.12745918233871,2.08715684749563,0.377357027489138,0.517454168733121,0.622562266033333,0.853694025518471,0.0602166002578716,0.0060580755395917,0.0658073306512297,0.161783564378418,0.0825725468469471,0.221847146658811,0,0
3.12428407551078,3.84491626480439,2.22591966512297,2.73933948313585,1.70177359031122,1.21244138135594,2.22041772013143,1.58195328868103,0.582956466244687,0.0211989135342314,0.239013415321605,0.459542485850579,0.415331714646499,0.327404496995706,1,1
2.04259660780761,1.86648582878871,2.80857307972746,2.56642052199204,1.14481729401971,1.57412531720656,1.67032211956144,2.29669515828132,0.0874316435012112,0.00286844724745612,0.0598187372783991,0.212186888969856,0.120218627268453,0.291757257382065,1,0
1.53783311221296,1.62667827393722,2.15337190169152,2.27777855761465,1.25059801273737,1.75116701516763,1.21528363586959,1.70171757473818,0.0817690800237607,0.00241190006046567,0.058112458821745,0.207734529542751,0.114498275496846,0.290883123387007,1,0
2.19960715829287,1.6002975392609,3.00450774257336,2.18589320779538,0.758700425827487,1.03633109898658,1.09208647821938,1.49171285745239,0.0418662516736773,0.00834632866906978,0.0643775727514973,0.168745035240943,0.0571863374929698,0.230493778396189,0,0
2.36011192850994,1.75703620497928,3.17557313366346,2.36412387904369,0.848737529317739,1.14199164161462,0.948749474841395,1.27655951672843,0.138850321258004,0.0191014742415485,0.152452925361256,0.304047735056925,0.186825609608202,0.409101707056572,0,0
3.05581140925328,2.87097344630103,2.47648165013532,2.32668581453056,1.51648136841392,1.22898234828139,0.945600453369491,0.766330724480609,0.367193503050655,0.0147292595837395,0.135971279420677,0.504630467349444,0.297579873417667,0.408961131798211,0,0
1.69800972452339,1.35695028431306,2.56847695776583,2.05257690091861,0.570394055639831,0.86280070579026,0.743150677224561,1.12411923384898,0.0818986532551293,0.00284807112862269,0.0779118685283193,0.204827318260751,0.123883156097293,0.309829937765153,0,0
1.8408750911907,2.13083291283425,2.18729036037972,2.53181234953186,0.448716171027708,0.533155432507144,0.547889463801771,0.650991122896934,0.232026142542661,0.00606699609684473,0.0954137570282842,0.246071876943304,0.275688745732004,0.292377601812463,0,0
3.46394640837462,3.46394640837462,2.90586967150655,2.90586967150655,1.95332878471027,1.63862779754543,2.29804758804362,1.9278089215324,0.405625556934001,0.00630640375788222,0.0989665410654627,0.376109244571608,0.340275184694772,0.315514248237664,1,1
2.1227215438602,1.81517373028261,2.49635888899053,2.13467710343808,0.666297079563476,0.78357740424679,1.02479180889704,1.20517368323902,0.0570347058983621,0.00384483465891602,0.0574226689538463,0.159366521176885,0.0670738446416379,0.187417908344184,0,0
2.14079686834647,1.5978614149732,2.45526900544989,1.83257910416238,0.598319048691613,0.686209064177795,0.934729579518788,1.07203658553665,0.0828215751113886,0.00421947833556914,0.0979972004853563,0.192106568319061,0.0949876419198043,0.22032604303156,0,0
2.58501124112352,1.81779152778705,2.68557410299437,1.8885077844171,0.812185096156865,0.843780957845607,1.09799955494546,1.14071425413967,0.0520981209220072,0.0102717646142032,0.0748118753169496,0.207021554136564,0.0541248572296348,0.215075167065487,0,0
3.4931236485784,3.37333281808117,2.56857030307192,2.48048548250717,2.24959830845862,1.65417889266508,2.32650361059489,1.71072904521877,0.527517856447312,0.00785629665844624,0.156904009175249,0.435466547946308,0.387895430201032,0.320208087535446,1,1
1.75246367341757,1.24035839647406,2.58171409113349,1.82728509515291,0.402359153557836,0.592751970950152,0.498714681599914,0.734702088535024,0.0379456807579801,0.00508403800628096,0.0378872145222762,0.12751901676251,0.0559012436015201,0.187859895447212,0,0
2.5501864568915,2.80199583499606,2.54098025266834,2.79188059584572,1.9583458618668,1.95127620941248,2.37171112915813,2.3631492230456,0.536793274842641,0.0030226008315766,0.16958892517606,0.397407976184579,0.534855444571265,0.395973328541942,1,1
1.2872092068982,0.960058987038304,2.199803408553,1.64071311856755,0.48515924757943,0.829123161019035,0.653139226947803,1.1161961008356,0.0228456271232439,0.00452973870331342,0.0531566136301151,0.146158538501047,0.0390425178338686,0.2497807267542,0,0
3.55201588533473,3.31199909279158,3.48674835387291,3.25114181850889,1.57410829551638,1.54518439257831,1.58978383506894,1.56057189744747,0.24172471447281,0.00445604970346995,0.147054402780367,0.342119162630822,0.237283074593863,0.335832796259858,1,0
2.30799307653188,1.61528153998325,3.55695613193701,2.48938596777836,0.583012569033322,0.898507951997654,0.493972987657633,0.761284886564863,0.13367032191586,0.00741067507884991,0.0918067701387894,0.209069342521351,0.206005588158464,0.322206547083239,0,0
4.06386137726243,3.07883528790381,3.41384755668049,2.5863761947787,0.951492587612136,0.799301537102979,1.12898856328307,0.948407066699815,0.2698079308607,0.00739727518844734,0.147745331862973,0.331200615285925,0.226652205878709,0.278225142617092,0,0
3.07632845775442,3.22926615494813,3.07876516974053,3.23182400650857,1.45313845304999,1.45428946144673,2.1636719862734,2.16538579724494,0.298014899759852,0.0145729220565126,0.114569846496539,0.31357856052784,0.298250952732822,0.31382694123475,1,1
2.2892530446336,2.35399891930792,2.90630261142104,2.98850021080212,1.12551385821895,1.42888697822213,1.23398882540924,1.56660049187584,0.129170847744008,0.00311249027627453,0.102906686266698,0.273176528263155,0.163987800736098,0.346809042945802,0,0
2.12259793115107,2.18949221222986,1.91918356589119,1.97966718505165,1.06812748864388,0.965765909971603,1.11389695678439,1.00714916479614,0.176753398134452,0.0279274190532984,0.172730967057635,0.331649693914275,0.159814636553002,0.299866796651381,0,0
1.2080207370704,1.07355452081589,1.96416120350203,1.74552809808918,0.333826718709029,0.542779994961668,0.501957017926446,0.816148655550145,0.031727912868047,0.00359957822128402,0.0317811460529681,0.119500834734458,0.0515874716477481,0.194300392508785,0,0
6.16737594525808,3.52519376142801,4.91217728654981,2.80773814978603,1.19429965288744,0.951233017140568,1.58659928063284,1.26369091463821,0.488355995583344,0.0221350744000177,0.233562399222269,0.558487109430628,0.388964650533321,0.444822517408769,1,0
3.35560459296921,2.57801909384727,2.90315181382636,2.23041201697699,0.95127658502142,0.823011253781779,1.01293751555519,0.876358135800119,0.137008248103706,0.0114074910346522,0.107352429938866,0.310087617474347,0.1185347477545,0.268276968925941,0,0
2.90168872883536,2.14733490017039,4.12038265758022,3.04920420814057,0.721766601344424,1.02490475888978,1.1524434795094,1.63646364946864,0.142572771930208,0.0150834967725571,0.0928314489736178,0.194749487841083,0.202452582548424,0.276543243353019,0,0
4.21213881648014,4.21213881648013,3.49067166245965,3.49067166245964,2.40086043974939,1.9896342138023,2.69291223101575,2.23166254101587,0.432345531730047,0.0239670229290417,0.137969388508062,0.487086029055298,0.358292155542552,0.403656544307374,1,1
2.47340461632536,2.09570409003009,3.79745083056467,3.21756221556905,1.02204691012144,1.56916214278066,1.55006714290549,2.37983859187685,0.112947495776484,0.0203677930451149,0.104965287882237,0.228009577728828,0.173409784559967,0.350066121251687,1,1
2.61445322617902,3.12944026039671,2.78875917597844,3.33808046534166,1.52338185778139,1.62494593204707,1.94411026185977,2.07372435566534,0.391587880220103,0.00380578166363492,0.112211781231074,0.380662456218392,0.417695097097514,0.406041273601596,1,1
4.13723445611374,4.32664093558101,3.15818226832292,3.30276681901839,1.82364359811925,1.39208907216026,2.1934844051484,1.67440922859608,0.402522541890979,0.121017593203254,0.536541627998568,0.522840191411072,0.307267951063736,0.399113136854243,1,1
3.89619406898656,2.95652254071511,3.9024569382273,2.96127495133736,1.28884071261949,1.29091243715691,1.76987331071347,1.7727182627157,0.191655244474848,0.00493381208879803,0.140049678639032,0.319351093377137,0.191963317356792,0.319864428725503,1,0
2.74563802821357,1.8959619401037,2.61371152253525,1.80486193672135,0.722342926297907,0.687634717426711,1.02374461317656,0.974554207108624,0.0642603903072287,0.00866193201439324,0.102529354103364,0.231418332257387,0.0611727113562369,0.220298799525505,0,0
2.71065970153705,2.29193052656897,3.61710899867155,3.05835606265212,1.08040921062764,1.44169992116417,1.31183021986547,1.75050851654822,0.246384318410836,0.00443233061051762,0.130811296390953,0.356962183574906,0.328775661050351,0.476330955767739,1,0
1.87919790500368,2.14108806049433,2.60662317326424,2.96988930203866,0.954717061802968,1.32428181756699,0.962769082043019,1.33545072239252,0.102160011716501,0.0521289953032748,0.24890525124951,0.236303289149752,0.141705486799516,0.32777475314134,0,0
2.43776917147752,2.06177876590527,3.115943338132,2.63535444023633,0.677949931874082,0.866551927281012,1.08064381405029,1.38127306419364,0.185705189882857,0.00440329943254299,0.0735297710676544,0.242165820996536,0.237367366870633,0.309535039447593,0,0
1.67632461274094,1.61373974325493,2.26967528779822,2.18493792214551,0.931652732863795,1.26141987567262,0.92198949713202,1.24833624785145,0.093873250957825,0.00215425444116067,0.0498202457411504,0.237919749861821,0.127100560514876,0.322133656355234,0,0
2.03613067466113,2.20065666894638,3.37167769064829,3.64412023638795,0.827785629674669,1.37075010702731,0.971022202400267,1.60793898824889,0.0819044242484394,0.00606557982607245,0.101430453106798,0.211043306023534,0.135627503401674,0.34947167956135,0,0
4.98562928570247,3.65371656311413,3.61845429312852,2.65178287956328,0.879494661610596,0.638316860664877,1.09185240109748,0.792441190832982,0.423247287220088,0.0112007434356113,0.195553447982963,0.377604573682267,0.307183080757426,0.27405665613043,0,0
1.59933922616889,1.54449256357579,2.41623915463582,2.33337827591154,0.958872275833058,1.44863872482668,1.07784535846467,1.62838009294833,0.115261157280548,0.00364805543604842,0.0737806776325378,0.204315780002788,0.174133490052027,0.308674844882822,0,0
2.27114398856169,1.52730558698535,3.62331170864442,2.43661531099428,0.407474643745245,0.650072234562663,0.669242280639371,1.06768809180443,0.0655290008396551,0.0113708728308393,0.0643072656852064,0.145179238238062,0.104542907536416,0.231614391870055,0,0
1.89589605520533,1.40742886189574,3.04469782912264,2.2602481758919,0.683603939316625,1.09782781830389,0.774504451354331,1.24380870734443,0.0442939343390404,0.0144373962557726,0.0640118478990672,0.146558357696552,0.0711334597459096,0.235364123625514,0,0
1.30446805896917,1.24109950892192,1.91273115569314,1.81981435398758,0.780918162011018,1.14505409945066,0.74362504189558,1.09037149358128,0.0306383562061812,0.00202260897059505,0.0483294651297694,0.150209286074779,0.0449247783967181,0.220250683314311,0,0
1.37208535897726,1.41383170786182,2.11864884790603,2.18310974561175,1.0578290047316,1.63340289836394,1.09951967964902,1.69777782941638,0.06127938163094,0.00208591301990024,0.0496781212645636,0.175627980705532,0.0946220221966063,0.2711886811905,0,0
3.31638939745344,2.79848138130291,3.1286920114271,2.64009598768258,1.70989021373936,1.61311571441267,1.71644750750715,1.61930188562755,0.240731943172312,0.00380530438774962,0.074051084122474,0.396832357355662,0.22710725950242,0.37437287288634,1,0
1.77800551238887,1.23615630857776,2.23036235556392,1.55065688887565,0.295557139510289,0.370752235180769,0.340107806888056,0.42663740018294,0.0491368979031717,0.00413523315740671,0.0696944205886555,0.132410813408229,0.0616382157359997,0.166098525363132,0,0
1.96354688267032,1.78616050423099,1.92386825569878,1.75006643538845,0.91887718163515,0.900308852432247,1.03729867264809,1.01633732588662,0.11131797907729,0.0134695132833373,0.0384195863566251,0.138769908557716,0.109068506652661,0.135965697726219,0,0
2.44055329237984,2.2685484898148,2.3658133609196,2.19907606355294,1.15230268235041,1.11701436319376,1.2170395600301,1.17976872739347,0.0945220030682785,0.0703979707949041,0.280181452803404,0.279875616176746,0.0916273446918907,0.271304656290004,0,0
2.79821484693868,3.2318582639751,2.64860488358591,3.05906302741074,1.54718053491824,1.46445864407327,2.049716343458,1.94012576381977,0.456075031220948,0.00443648998351344,0.127497953953733,0.432419756900343,0.431690424448624,0.409299908167623,1,1
3.84547389838981,2.83933835879391,3.94744946998868,2.91463288939047,1.36595219238645,1.40217497253682,1.37224949547373,1.40863926962765,0.4541394779442,0.0234653808439113,0.171600627326867,0.456530566679025,0.466182501527941,0.46863699795891,1,1
2.29542941853525,2.29542941853525,3.64914616157913,3.64914616157913,0.879648002058059,1.39841552274748,1.18478362538332,1.88350318417902,0.138438028941539,0.00544361040382061,0.0915073906403432,0.266325848690252,0.220081087159265,0.423390037885588,0,0
1.83264831866881,2.0641287918693,1.53102970720586,1.7244129534609,0.908872803451669,0.759289847365117,0.905301225887132,0.756306082669407,0.211934780923077,0.0144239752564081,0.0522319664252649,0.235162746945603,0.17705439842331,0.196459488672316,0,0
2.91582452860329,2.78987848254673,2.37957087980028,2.2767877593888,1.19046148156425,0.971521930509012,1.64660145141058,1.34377251647937,0.406727803084471,0.00577139445206818,0.108168545202395,0.346790840797569,0.331925884678855,0.283012018744021,1,1
3.36401645576405,3.43688320038485,3.36373377252588,3.43659439404722,1.54187975473872,1.54175018832081,1.77177543996603,1.77162655507641,0.328239226672935,0.00851013418290189,0.14640143466561,0.419464291618323,0.328211644249153,0.419429043418496,1,1
2.75278383136918,2.30215389674496,4.18385143226018,3.49895613611951,0.824282120281456,1.25279503978005,1.50499046002759,2.28737775192196,0.166433513833902,0.00374783157305368,0.0808687638170162,0.211900520769361,0.252955966718143,0.322059541041628,0,0
2.08826160972726,1.770556620515,2.29945576090351,1.94962001029211,0.811088161342259,0.893116713208496,1.05342682247697,1.15996404107209,0.0741534576939275,0.0034664225897054,0.0706245107648009,0.196955997369782,0.0816528899879965,0.216874935921267,0,0
2.49478828054559,2.49478828054559,2.67532342679572,2.67532342679572,1.47413394323975,1.58080952333221,1.79721978039251,1.92727544019617,0.375759499138775,0.0113886845702272,0.088987252140499,0.385604457200583,0.402951304014924,0.413508691647359,1,1
5.90529467894994,4.38524487515125,4.70923663289111,3.49705762929554,2.16409634996858,1.72578039919087,3.48201566822749,2.77676841421121,0.334943588119609,0.00825104011144488,0.153782476507754,0.476369302580587,0.267104132965186,0.379885491319155,1,1
2.74721406848172,2.25135175538509,3.6937716099412,3.02705904626815,1.42968644428605,1.92228747646891,1.82348741486102,2.45177327874605,0.136561478799359,0.00461474843585315,0.0855913266094668,0.285651673981629,0.183613981592427,0.384073471299837,1,1
1.86951071397408,1.71159987204626,2.88624942722465,2.64245832527484,0.653293032300513,1.00858830398409,0.876869836388542,1.35375798817813,0.0835340620975357,0.0048661286063389,0.0739736470180102,0.235576968902852,0.128964299097407,0.363696172736994,0,0
1.90375505508746,2.095839508444,1.9141157930747,2.10724562077566,1.3548246529451,1.36219796665492,1.14846606584367,1.15471632160196,0.244786773748276,0.00866102838885651,0.0744510423664848,0.311653647189448,0.24611896804437,0.313349748677225,0,0
4.08242004998208,3.252228870388,3.76015962425683,2.995502554258,1.6229845012032,1.49486841567067,2.00220261311366,1.84415158980138,0.608254880636653,0.0268848574866916,0.207897086462754,0.519714814259193,0.560240106462622,0.478689266851444,1,1
2.48952416327572,2.17798917697444,3.50212050556984,3.06387086741707,0.891261749565675,1.25377616133558,0.821970241935744,1.15630082315154,0.183848841695753,0.0129443631895794,0.11013361907402,0.311739315085165,0.258628057492227,0.438537076224048,0,0
2.82084146877389,3.15970367768383,2.65991181361323,2.97944185549765,0.928577418426318,0.87560186294348,1.87836684565695,1.77120558470591,0.261533872627379,0.0107488072170662,0.132257518263795,0.378841236670841,0.246613304988018,0.357228256908254,1,0
1.2761383534606,1.17714114823292,2.02652834813923,1.86931918485657,0.611432369515807,0.970964493335382,0.527561959357072,0.837776925313598,0.0232880966021863,0.00383601857814265,0.0567170935621269,0.129107973312422,0.036981874113066,0.205025550073717,0,0
2.91529433258599,2.1089486746028,4.46649538688791,3.23110068887665,1.16026567720639,1.77763227434048,1.4132259543763,2.16519036698873,0.129015178983875,0.0148943754913399,0.0784239561885101,0.27500307281429,0.197662958188802,0.421329655251472,1,1
4.09472764883427,3.43638688067694,3.79317508676884,3.18331723673831,2.48337654231406,2.30049049392909,2.40437892341649,2.22731058414885,0.249791134524104,0.00657726868022134,0.140558570937841,0.442704521243311,0.231395489427068,0.410101942007821,1,1
2.9497432475637,2.52820783528972,4.01720650404502,3.44312440341781,1.49808103016536,2.04021175840891,1.54613471711007,2.1056552792635,0.187263333136641,0.00327378499065851,0.0642189315824366,0.346480609613192,0.255030833774091,0.471866207207427,1,1
3.54069876523224,3.48658003514232,3.05594571419197,3.00923631804118,1.24806193838237,1.0771911943194,1.59266599137217,1.37461589736619,0.603637491363967,0.0111678855749839,0.104288562328722,0.379025155034805,0.520994167245489,0.327133251061414,1,1
2.41742958966703,2.6669843844168,2.35633224750416,2.59957987419891,1.63893738380349,1.59751540462785,1.65283605101758,1.61106280137268,0.17922778184059,0.0175535150584812,0.111830797414668,0.311374385875381,0.17469803621366,0.303504809249077,1,0
1.99090562672849,1.99090562672849,2.6962660787908,2.6962660787908,0.584422350981897,0.791478078862529,0.701762848561441,0.950391288531862,0.0862864566116672,0.00793759376479369,0.0870487319400369,0.199902687924763,0.116856993570003,0.270726462005297,0,0
1.3015265714375,1.36099002275797,1.84536393162256,1.929673933988,0.727283775132868,1.03117621732622,0.686281553605579,0.973041391358517,0.0352028615997827,0.00456323162806344,0.0644651059358298,0.16679105635641,0.0499122280802848,0.236483992161142,0,0
1.88514351184758,1.88514351184758,2.51030817416386,2.51030817416386,0.961521653593659,1.28038828422463,1.44251009815817,1.92088552832319,0.173372776781378,0.00282575167534317,0.102342104576599,0.233612475715308,0.230867886713428,0.311084701875053,1,0
3.39279489694542,2.61469776941223,4.05142414518539,3.12227823877487,1.3252804972429,1.58255172174046,1.98426900452921,2.36946694382569,0.126946558647581,0.00400169174291163,0.101894889628965,0.283070463743594,0.151590169307331,0.338021762716084,1,0
2.12398063132063,1.72512818166584,2.8782709231155,2.33777380580376,1.01110862038188,1.37018412467682,0.81644087271535,1.10638392352877,0.0517564170415739,0.00569418395151936,0.0744410007428637,0.185237119603856,0.0701366990163073,0.251020469478547,0,0
3.43143941450473,3.730996992481,2.50844245360878,2.72742430207727,2.37685471208666,1.73752252208095,2.14015579364977,1.56449145726873,0.259730865924931,0.00905634319741473,0.111044457683405,0.445262877104578,0.189867822769851,0.325494980101905,1,1
1.99545086048837,2.26139090715342,2.34982972158661,2.66299895977106,0.776340300147447,0.91421319736506,1.44351276068225,1.69987106959403,0.136836874040383,0.00634834835310059,0.057651666027097,0.235472656107898,0.161138196883686,0.277291040786571,0,0
3.21639983747227,3.44273062017325,3.35150715012458,3.58734512887282,1.77702537688908,1.85167067452569,2.3432539332806,2.44168409053253,0.228138095005446,0.00447153591622447,0.122722097220997,0.391415156100022,0.237721208575688,0.407856846357543,1,1
2.87959109157538,2.00203242856803,4.12646744274537,2.86892179239475,0.507623712626884,0.727427143891598,0.616042619997006,0.882791942994402,0.141553396461796,0.0066055735463938,0.114667739583056,0.220794994495515,0.202846676258491,0.316400255221111,0,0
4.70279431298301,3.38842450178382,4.53702667463376,3.26898676115486,1.26579763799968,1.22117984884825,1.78746047793713,1.72445472383637,0.266988930488247,0.0152031036735632,0.138319146549011,0.35563898647153,0.257577903441999,0.343103155438148,1,1
2.85734401177198,2.6825444049189,2.59694971778854,2.43807987648961,1.46103966548718,1.32789280231322,1.65755258184193,1.50649718476306,1.03445808156903,0.00615752242378376,0.233471316917717,0.724966516350287,0.940186275060654,0.658899167298536,1,0
1.42988619321366,1.30071059998839,2.01140195398873,1.82969235929923,0.697199707097097,0.980741586170365,0.752859838654934,1.05903795542412,0.0627504064648036,0.0102246440249255,0.02939188262978,0.106854958450133,0.0882701649795097,0.150311453624803,0,0
3.73417894565625,2.81478256820467,4.2691284359858,3.21802154581209,1.52835589963173,1.74730448818322,1.95789114087841,2.23837391451517,0.142551227823935,0.0160388509685552,0.125847330663681,0.324323153972572,0.162972773705922,0.370784908603136,1,1
1.63251669271692,1.661294643601,2.97416612573591,3.02659462896002,0.907489019383796,1.65328974151972,1.18289216383094,2.15502715516457,0.17728670902676,0.0111019482060953,0.122103206199643,0.38653364257735,0.322986053914745,0.704198169206844,0,0
2.14122289699689,2.19743477590246,3.46288281927986,3.55379122025697,1.09109291645284,1.76456496888842,1.09368842797266,1.76876254788023,0.158469358732921,0.0109559879420358,0.0804881932086052,0.325359817609435,0.256283836917762,0.526186659064753,1,0
3.89503293362052,3.08590879074466,3.42684943255725,2.71498212433782,1.46366604430443,1.28773318194146,2.16444478114102,1.90427821701629,0.263225096048413,0.00568327374891942,0.110639391876098,0.294036294854887,0.231585402845329,0.258693091264341,1,1
1.35039994790191,1.08185073804998,2.06628282584965,1.65536854739853,0.411914883528245,0.630281903423247,0.426908032369831,0.653223318672049,0.03100262353387,0.00378921661087398,0.0314153712706976,0.11890516794789,0.0474379376745731,0.181939955505196,0,0
2.02440201669522,2.27558840180797,1.89538472627422,2.13056273630601,0.649647757253919,0.608245015763962,0.935047850168016,0.875456257664273,0.145308466918196,0.00375091620053363,0.0992463860592577,0.248654063773456,0.136047804005194,0.23280707622076,0,0
4.12265536877078,3.16048159022036,3.88251390526636,2.9763859997416,1.46301794817389,1.37779829244689,1.44884850279257,1.36445420622042,0.512489334750113,0.0238742808219613,0.179734504794816,0.507811650753475,0.482637230252231,0.47823201770428,1,1
1.60094281203954,1.51565632733909,2.82994726544073,2.67918844236348,0.898651015514165,1.58852331564548,0.787456337995956,1.39196721682186,0.0486398366897689,0.0023115383454979,0.0678038077804389,0.171860930589017,0.0859794439854708,0.303794343494936,0,0
2.62020912383389,2.7413859659596,3.46303212376603,3.623187011069,1.56797674842847,2.07233605887948,2.17380451146509,2.87303589072928,0.17741213768751,0.0190517149444097,0.114163119242855,0.287241771827668,0.234478968250779,0.379636676354748,1,1
2.9367707807298,2.18083257751657,3.52170160525123,2.61519953801628,1.38552221018368,1.66148336251921,1.81861118033296,2.18083275519203,0.0959716687066222,0.00422641420590672,0.0828752026596315,0.261740325459367,0.115086809621131,0.313872410600656,1,0
3.36786412631173,3.3013745496738,2.84755419260414,2.79133676054072,2.50550213276434,2.11842070675964,2.75553452852848,2.3298249588738,0.331086515251651,0.005655028933234,0.124613767323174,0.434231232613887,0.279936113590193,0.367145740034196,1,1
3.6213214704278,3.31396323153511,3.28943600608718,3.01024641575741,1.59051800514572,1.44475082844226,1.81015727430497,1.64426068312461,0.303410820315108,0.0390459137721512,0.216885053659885,0.526132760444423,0.275603943237622,0.477913949457648,1,1
2.15800991478223,2.01999079682898,1.92426056962356,1.80119128031565,0.790934548722048,0.70526282332323,1.14157494100159,1.01792287013722,0.105947078402117,0.00738782788015704,0.087062006974531,0.266390292786594,0.0944711996175338,0.237535672578894,0,0
3.04608218991087,3.13399913725429,3.05755128239599,3.14579925416267,0.979062430360508,0.982748791023957,1.02290954585789,1.02676099944776,0.500338506037599,0.0166455481477696,0.167890377738041,0.611397932860371,0.502222377923467,0.613699965110327,0,0
3.63813302327178,3.06552970955903,4.36254720133544,3.67592882654428,1.49495869158327,1.79263039981248,2.01755473373194,2.41928420453081,0.523637383261513,0.00416324779450416,0.161179087018357,0.492590539795348,0.627902494562382,0.590673696382865,1,1
3.65670506316396,2.55924116313482,3.30615433944741,2.31389902413118,0.871439871265121,0.787899122894477,1.37091691873883,1.23949370857614,0.176495814448397,0.0286439042873369,0.12786916590941,0.246756987187244,0.159576009755619,0.223101581857464,1,0
3.01418768033496,2.46513806876078,3.58083837849408,2.92857046112153,1.3637440815634,1.62012046481582,1.84478674815055,2.19159650575597,0.459033619262442,0.0156046784779854,0.10185606200804,0.354091614778688,0.545329413824466,0.420658889947279,1,1
1.21955095469661,1.11653987452973,1.94199008205138,1.77795716874418,0.445534181180351,0.709460279404537,0.564636256144823,0.899116191231759,0.032999765282148,0.0029928951730648,0.0452547625741438,0.144852758688062,0.0525482077162555,0.230660817940141,0,0
4.31925667674025,3.32859398320416,4.55039418048721,3.50671789707297,2.12715611578968,2.24098717318699,2.82060865412114,2.9715486172105,0.224709364989479,0.0128676934335127,0.108884287579995,0.410108664660739,0.236734295568838,0.432054916089867,1,1
3.97034840848877,3.12115988841048,3.62871563165665,2.85259642497867,1.71461281879827,1.56707716746208,2.07715154344023,1.89842086877969,0.369128585888261,0.030222988671049,0.0772294490176881,0.332870779527993,0.337366531068211,0.304228565536576,1,1
2.1998530457027,2.48211096578656,1.91334655008495,2.15884350211163,0.903587133877159,0.785904917004469,1.08918107783151,0.947327305229628,0.102442146813651,0.00644719760954156,0.111204490909812,0.228574857470388,0.0891001917478464,0.198805513773501,0,0
2.79509028941342,2.8872054939444,3.29523158825627,3.40382948682106,1.52777714202161,1.80115093858453,2.23751851721063,2.63789034835369,0.418206696760883,0.00437907254874799,0.162146924114855,0.370517871951783,0.493038784044424,0.436816728351638,1,1
2.25814261573543,2.17864076955604,2.19934815325089,2.1219162685877,1.01189671214961,0.985550314510183,1.37716039344594,1.34130375422243,0.142815340559567,0.0113016567871552,0.0836229753266424,0.217843243164396,0.139096907930806,0.212171335509632,0,0
2.86642640510293,2.96139229169398,3.08934663738358,3.19169796302164,1.21213281435242,1.30639964361739,1.73962466993264,1.87491421890281,0.25423185617918,0.0129287021108658,0.0903477841627922,0.376416456411618,0.274003312488581,0.405690134517624,1,0
1.18038723946371,1.18038723946371,1.96273754394681,1.96273754394681,0.488996838249134,0.813099651720159,0.69329721574716,1.15280852669924,0.0598187334753721,0.00437910027685127,0.0534807255312753,0.123569479419169,0.0994660651167354,0.205470246062773,0,0
1.90021850702407,1.72469945170105,2.48824161526016,2.2584081428929,0.879189018526541,1.15125428759429,1.08345211780192,1.41872665574578,0.154631326133637,0.00309041153477833,0.101430264293567,0.286807749051726,0.202482029980413,0.375560481140267,0,0
3.89488288893671,2.74539116515357,3.20944805545169,2.26224782303064,0.748839993843373,0.617056566427643,1.57434792007839,1.29728877986352,0.230147304172513,0.0068609585282462,0.155798481225885,0.302557872710354,0.189645193169227,0.249312701799087,0,0
3.3160714275752,2.86064181611626,3.47484777018318,2.99761179851694,1.27085492136468,1.33170454442216,1.42602163329161,1.49430077153064,0.201142350557255,0.0106768551660358,0.118493890767986,0.292087769582882,0.210773218728393,0.30607318237865,1,1
3.12853725863091,2.37400672575205,3.68220570659149,2.79414320188605,0.933678175108661,1.09891454705243,1.45506309401212,1.71257082313502,0.12058817343465,0.00368936901988767,0.106262685301648,0.242113579963529,0.141929094545233,0.284961287683413,0,0
2.15154531820551,1.88250969321957,3.36981146171244,2.94844021518777,1.01764250959803,1.59386063763203,0.797023312683125,1.24832057758919,0.0541355779749059,0.00558152970091653,0.0743393215159484,0.180057843021513,0.0847886816989836,0.282011714115872,0,0
2.8286100974661,2.08852832291235,4.10336306450993,3.02975301795694,1.00829942200197,1.46270375330836,0.998935313097431,1.44911957688003,0.224262706692488,0.0152925110616329,0.114438119073627,0.323808794383039,0.325329853065762,0.469737786775604,0,0
2.23894244584746,2.45706524873234,2.0168543483001,2.2133408297984,1.08467728856319,0.977084565080451,1.52206959115036,1.37109048024904,0.108120159082235,0.0045164751360446,0.0787812612174243,0.247149725606366,0.0973953633280494,0.222634127864641,0,0
2.57462303465913,2.72392638201865,3.39413985174364,3.59096728412881,0.587925373186843,0.775065286110482,0.981115431593607,1.29340992475561,0.200571081998071,0.00614323091369007,0.128034181410813,0.23961123930146,0.264413971813596,0.315880828102062,0,0
2.14045963247657,1.88670171534424,3.04191823164808,2.68128969054509,0.597497791748506,0.849135110287648,1.05025530500256,1.49257230162101,0.164782896113337,0.00305767727315507,0.0500951508771005,0.152687520310508,0.234181522671822,0.216992156605296,0,0
1.53911992571389,1.71347498930513,2.3962877369672,2.66774475196753,0.879900307839169,1.36993504028004,1.13904980205116,1.77341026313079,0.0852867959498435,0.00700015443638103,0.0514279428096151,0.205607478351925,0.132784781643991,0.320114547782845,0,0
1.73097540735438,1.63990975009026,1.86595348948628,1.76778671009565,0.728476914758356,0.785282122049965,0.94598124571646,1.0197470160082,0.115385194922952,0.0128863310491978,0.120687464379954,0.216263965600448,0.124382707106512,0.233127807332089,0,0
0.928991300779529,1.0724744200446,1.52639886440755,1.76215184737314,0.485915354246017,0.798393531023317,0.52288039176476,0.859129720096396,0.0467911580435937,0.011423173688748,0.0796968853248386,0.183176212404264,0.0768812048531826,0.30097156169894,0,0
3.4943964624999,2.702877310542,3.97028988059799,3.07097564621093,1.61048351317365,1.82981137482291,1.70488729361209,1.93707177821079,0.142961129909681,0.111724197453291,0.390721941018281,0.371849870766971,0.162430661057046,0.422491206951255,1,1
1.96161302755719,1.80220574037885,2.46459376897168,2.26431257120777,0.756656817531497,0.950672559541662,1.3135283431514,1.65033251942157,0.0707627615250481,0.0149169713196123,0.0790391462484502,0.183248243212871,0.088907169089841,0.230235256420512,0,0
1.99220586286446,2.08127129805953,2.24520841173415,2.34558481761783,1.75016238914234,1.97242633969221,1.82714616294712,2.05918675925298,0.238585722416997,0.00247031409093556,0.0668635011144177,0.362065761677319,0.268885199504482,0.408046732956611,1,1
3.35561765489409,2.92108040847026,3.91881236343993,3.41134396006649,1.35528762482505,1.58275418906424,1.75164666118171,2.04563668992671,0.426478297831513,0.00338577408553952,0.136243261921271,0.392244187153975,0.498056870049965,0.458077030279231,1,1
2.90327011127818,2.15525853185533,3.26165002559659,2.42130383193947,1.03378092350642,1.16139093035732,1.34426585224103,1.51020214562133,0.10285171333845,0.0194611249327034,0.08996367007542,0.210781683751503,0.115547737752626,0.236800593073549,0,0
